date,discharge_cfs
2010-01-01,22100
2010-01-02,19200
2010-01-03,16100
2010-01-04,14600
2010-01-05,13400
2010-01-06,12300
2010-01-07,10800
2010-01-08,10400
2010-01-09,9030
2010-01-10,9090
2010-01-11,8290
2010-01-12,7730
2010-01-13,6980
2010-01-14,7070
2010-01-15,6770
2010-01-16,6760
2010-01-17,7240
2010-01-18,10400
2010-01-19,21800
2010-01-20,34800
2010-01-21,30500
2010-01-22,26200
2010-01-23,24000
2010-01-24,22800
2010-01-25,28800
2010-01-26,103000
2010-01-27,147000
2010-01-28,82400
2010-01-29,50600
2010-01-30,37100
2010-01-31,28600
2010-02-01,23300
2010-02-02,20500
2010-02-03,19000
2010-02-04,17700
2010-02-05,16300
2010-02-06,15900
2010-02-07,14600
2010-02-08,13400
2010-02-09,12800
2010-02-10,12700
2010-02-11,11900
2010-02-12,12500
2010-02-13,11500
2010-02-14,11300
2010-02-15,11000
2010-02-16,10800
2010-02-17,10300
2010-02-18,10200
2010-02-19,10600
2010-02-20,11100
2010-02-21,11900
2010-02-22,12800
2010-02-23,14500
2010-02-24,18400
2010-02-25,23000
2010-02-26,26900
2010-02-27,26600
2010-02-28,23500
2010-03-01,21800
2010-03-02,22300
2010-03-03,23000
2010-03-04,24100
2010-03-05,24600
2010-03-06,24000
2010-03-07,23600
2010-03-08,23000
2010-03-09,23000
2010-03-10,24200
2010-03-11,26500
2010-03-12,33700
2010-03-13,83100
2010-03-14,167000
2010-03-15,192000
2010-03-16,131000
2010-03-17,76500
2010-03-18,57400
2010-03-19,46000
2010-03-20,37900
2010-03-21,31300
2010-03-22,28200
2010-03-23,26300
2010-03-24,25000
2010-03-25,25900
2010-03-26,23600
2010-03-27,21000
2010-03-28,19700
2010-03-29,25400
2010-03-30,56200
2010-03-31,57700
2010-04-01,41900
2010-04-02,32200
2010-04-03,26200
2010-04-04,22600
2010-04-05,19600
2010-04-06,17500
2010-04-07,15900
2010-04-08,14600
2010-04-09,14100
2010-04-10,13100
2010-04-11,12300
2010-04-12,11500
2010-04-13,10900
2010-04-14,10500
2010-04-15,9800
2010-04-16,9270
2010-04-17,8910
2010-04-18,9040
2010-04-19,8360
2010-04-20,8090
2010-04-21,7860
2010-04-22,7850
2010-04-23,7550
2010-04-24,7170
2010-04-25,7050
2010-04-26,9140
2010-04-27,11100
2010-04-28,12000
2010-04-29,11700
2010-04-30,9750
2010-05-01,8410
2010-05-02,7780
2010-05-03,7680
2010-05-04,7880
2010-05-05,12500
2010-05-06,12300
2010-05-07,10000
2010-05-08,8670
2010-05-09,7490
2010-05-10,6710
2010-05-11,6180
2010-05-12,6260
2010-05-13,6680
2010-05-14,6660
2010-05-15,6920
2010-05-16,6530
2010-05-17,6310
2010-05-18,6530
2010-05-19,6390
2010-05-20,8210
2010-05-21,10400
2010-05-22,10200
2010-05-23,16800
2010-05-24,20700
2010-05-25,24500
2010-05-26,16000
2010-05-27,12700
2010-05-28,11500
2010-05-29,10400
2010-05-30,9080
2010-05-31,9570
2010-06-01,10400
2010-06-02,9070
2010-06-03,7590
2010-06-04,7150
2010-06-05,6950
2010-06-06,6240
2010-06-07,6210
2010-06-08,6730
2010-06-09,6180
2010-06-10,7010
2010-06-11,6770
2010-06-12,5820
2010-06-13,5250
2010-06-14,5060
2010-06-15,4820
2010-06-16,4670
2010-06-17,4340
2010-06-18,3980
2010-06-19,3630
2010-06-20,3460
2010-06-21,3330
2010-06-22,3060
2010-06-23,2820
2010-06-24,2650
2010-06-25,2450
2010-06-26,2340
2010-06-27,2110
2010-06-28,2420
2010-06-29,2730
2010-06-30,2110
2010-07-01,1980
2010-07-02,1820
2010-07-03,1820
2010-07-04,1770
2010-07-05,1600
2010-07-06,1520
2010-07-07,1380
2010-07-08,1330
2010-07-09,1370
2010-07-10,1720
2010-07-11,1920
2010-07-12,1790
2010-07-13,2850
2010-07-14,3670
2010-07-15,2790
2010-07-16,2400
2010-07-17,2970
2010-07-18,3140
2010-07-19,3170
2010-07-20,2570
2010-07-21,2070
2010-07-22,1650
2010-07-23,1530
2010-07-24,1390
2010-07-25,1480
2010-07-26,1690
2010-07-27,1390
2010-07-28,1310
2010-07-29,1390
2010-07-30,1630
2010-07-31,1340
2010-08-01,1230
2010-08-02,1120
2010-08-03,1000
2010-08-04,1170
2010-08-05,1490
2010-08-06,1770
2010-08-07,1440
2010-08-08,1420
2010-08-09,1330
2010-08-10,1080
2010-08-11,1190
2010-08-12,2120
2010-08-13,2670
2010-08-14,3690
2010-08-15,2990
2010-08-16,2330
2010-08-17,1770
2010-08-18,5360
2010-08-19,3170
2010-08-20,2130
2010-08-21,1710
2010-08-22,1530
2010-08-23,1370
2010-08-24,1260
2010-08-25,1260
2010-08-26,1100
2010-08-27,1120
2010-08-28,1100
2010-08-29,1250
2010-08-30,1140
2010-08-31,1270
2010-09-01,1150
2010-09-02,1020
2010-09-03,1100
2010-09-04,1260
2010-09-05,1040
2010-09-06,834
2010-09-07,586
2010-09-08,569
2010-09-09,405
2010-09-10,449
2010-09-11,519
2010-09-12,706
2010-09-13,867
2010-09-14,759
2010-09-15,721
2010-09-16,677
2010-09-17,780
2010-09-18,991
2010-09-19,1080
2010-09-20,1020
2010-09-21,965
2010-09-22,990
2010-09-23,1010
2010-09-24,926
2010-09-25,769
2010-09-26,767
2010-09-27,1360
2010-09-28,1180
2010-09-29,1280
2010-09-30,6500
2010-10-01,13100
2010-10-02,15400
2010-10-03,14000
2010-10-04,12900
2010-10-05,8610
2010-10-06,6250
2010-10-07,4930
2010-10-08,4050
2010-10-09,3450
2010-10-10,3020
2010-10-11,2720
2010-10-12,2490
2010-10-13,2370
2010-10-14,2770
2010-10-15,3150
2010-10-16,2800
2010-10-17,2560
2010-10-18,2250
2010-10-19,2130
2010-10-20,2220
2010-10-21,2110
2010-10-22,2000
2010-10-23,1940
2010-10-24,1820
2010-10-25,1710
2010-10-26,1770
2010-10-27,2480
2010-10-28,3020
2010-10-29,2390
2010-10-30,2090
2010-10-31,1990
2010-11-01,2060
2010-11-02,2040
2010-11-03,1830
2010-11-04,2580
2010-11-05,3240
2010-11-06,2920
2010-11-07,3070
2010-11-08,2970
2010-11-09,3040
2010-11-10,3030
2010-11-11,2780
2010-11-12,2640
2010-11-13,2420
2010-11-14,2210
2010-11-15,2050
2010-11-16,2250
2010-11-17,3390
2010-11-18,4450
2010-11-19,6000
2010-11-20,5610
2010-11-21,4680
2010-11-22,4160
2010-11-23,3630
2010-11-24,3340
2010-11-25,3180
2010-11-26,3010
2010-11-27,2840
2010-11-28,2790
2010-11-29,2670
2010-11-30,2720
2010-12-01,3850
2010-12-02,15400
2010-12-03,47900
2010-12-04,33200
2010-12-05,20600
2010-12-06,14600
2010-12-07,11200
2010-12-08,9070
2010-12-09,7490
2010-12-10,6330
2010-12-11,5570
2010-12-12,5360
2010-12-13,5100
2010-12-14,5000
2010-12-15,4090
2010-12-16,3270
2010-12-17,3650
2010-12-18,3980
2010-12-19,4360
2010-12-20,4030
2010-12-21,3830
2010-12-22,4260
2010-12-23,3870
2010-12-24,3560
2010-12-25,3590
2010-12-26,3360
2010-12-27,2700
2010-12-28,2340
2010-12-29,2710
2010-12-30,2950
2010-12-31,2810
2011-01-01,2720
2011-01-02,2790
2011-01-03,2730
2011-01-04,2650
2011-01-05,2490
2011-01-06,2460
2011-01-07,2600
2011-01-08,2600
2011-01-09,2480
2011-01-10,2210
2011-01-11,2390
2011-01-12,2340
2011-01-13,1920
2011-01-14,2260
2011-01-15,2540
2011-01-16,2570
2011-01-17,2590
2011-01-18,2590
2011-01-19,2660
2011-01-20,2600
2011-01-21,2640
2011-01-22,2310
2011-01-23,2300
2011-01-24,1410
2011-01-25,2090
2011-01-26,2270
2011-01-27,2310
2011-01-28,2520
2011-01-29,2590
2011-01-30,2400
2011-01-31,2530
2011-02-01,2440
2011-02-02,3660
2011-02-03,4660
2011-02-04,6700
2011-02-05,8030
2011-02-06,11700
2011-02-07,12400
2011-02-08,12300
2011-02-09,11100
2011-02-10,9760
2011-02-11,8430
2011-02-12,7260
2011-02-13,6490
2011-02-14,6130
2011-02-15,6810
2011-02-16,8500
2011-02-17,7900
2011-02-18,7810
2011-02-19,7530
2011-02-20,7800
2011-02-21,8320
2011-02-22,8650
2011-02-23,8250
2011-02-24,8000
2011-02-25,8840
2011-02-26,12800
2011-02-27,24100
2011-02-28,25700
2011-03-01,23600
2011-03-02,27200
2011-03-03,25600
2011-03-04,21600
2011-03-05,17200
2011-03-06,17800
2011-03-07,42400
2011-03-08,54000
2011-03-09,49700
2011-03-10,42600
2011-03-11,89200
2011-03-12,143000
2011-03-13,101000
2011-03-14,56300
2011-03-15,39700
2011-03-16,32200
2011-03-17,26900
2011-03-18,23600
2011-03-19,20000
2011-03-20,16800
2011-03-21,15200
2011-03-22,14500
2011-03-23,13800
2011-03-24,14500
2011-03-25,18600
2011-03-26,23700
2011-03-27,24200
2011-03-28,20700
2011-03-29,17400
2011-03-30,15300
2011-03-31,13800
2011-04-01,12800
2011-04-02,12300
2011-04-03,11900
2011-04-04,11100
2011-04-05,11300
2011-04-06,11700
2011-04-07,12600
2011-04-08,14800
2011-04-09,16400
2011-04-10,16800
2011-04-11,17800
2011-04-12,18700
2011-04-13,25300
2011-04-14,58300
2011-04-15,73900
2011-04-16,48500
2011-04-17,96600
2011-04-18,162000
2011-04-19,108000
2011-04-20,71300
2011-04-21,78800
2011-04-22,55800
2011-04-23,41700
2011-04-24,35000
2011-04-25,36800
2011-04-26,34900
2011-04-27,30600
2011-04-28,35700
2011-04-29,72700
2011-04-30,84100
2011-05-01,55800
2011-05-02,39200
2011-05-03,30800
2011-05-04,26600
2011-05-05,24700
2011-05-06,26300
2011-05-07,23900
2011-05-08,20400
2011-05-09,17800
2011-05-10,15700
2011-05-11,13900
2011-05-12,12300
2011-05-13,11000
2011-05-14,10400
2011-05-15,10900
2011-05-16,12000
2011-05-17,16000
2011-05-18,35100
2011-05-19,134000
2011-05-20,143000
2011-05-21,79000
2011-05-22,50800
2011-05-23,37100
2011-05-24,28700
2011-05-25,24500
2011-05-26,20700
2011-05-27,17200
2011-05-28,21200
2011-05-29,27800
2011-05-30,29200
2011-05-31,21100
2011-06-01,16600
2011-06-02,13300
2011-06-03,11100
2011-06-04,9610
2011-06-05,8560
2011-06-06,7850
2011-06-07,7130
2011-06-08,6850
2011-06-09,6520
2011-06-10,6180
2011-06-11,6000
2011-06-12,5540
2011-06-13,5830
2011-06-14,5930
2011-06-15,5700
2011-06-16,5650
2011-06-17,5600
2011-06-18,5200
2011-06-19,5150
2011-06-20,4860
2011-06-21,5410
2011-06-22,5980
2011-06-23,9700
2011-06-24,9840
2011-06-25,7470
2011-06-26,6220
2011-06-27,5240
2011-06-28,4780
2011-06-29,4530
2011-06-30,4020
2011-07-01,3720
2011-07-02,3520
2011-07-03,4070
2011-07-04,3610
2011-07-05,3590
2011-07-06,3440
2011-07-07,3240
2011-07-08,3760
2011-07-09,5120
2011-07-10,4340
2011-07-11,4210
2011-07-12,5050
2011-07-13,4600
2011-07-14,5160
2011-07-15,3480
2011-07-16,2910
2011-07-17,2720
2011-07-18,2390
2011-07-19,2240
2011-07-20,2160
2011-07-21,2140
2011-07-22,2020
2011-07-23,1820
2011-07-24,1760
2011-07-25,1850
2011-07-26,2130
2011-07-27,1850
2011-07-28,1750
2011-07-29,1850
2011-07-30,1720
2011-07-31,1640
2011-08-01,1510
2011-08-02,1430
2011-08-03,1510
2011-08-04,1480
2011-08-05,1460
2011-08-06,1410
2011-08-07,1780
2011-08-08,1840
2011-08-09,1620
2011-08-10,1650
2011-08-11,1580
2011-08-12,1550
2011-08-13,1640
2011-08-14,1930
2011-08-15,2710
2011-08-16,2640
2011-08-17,2160
2011-08-18,2450
2011-08-19,3140
2011-08-20,2630
2011-08-21,2460
2011-08-22,2210
2011-08-23,1830
2011-08-24,1690
2011-08-25,1790
2011-08-26,1760
2011-08-27,1910
2011-08-28,3680
2011-08-29,2860
2011-08-30,2690
2011-08-31,2460
2011-09-01,2120
2011-09-02,1950
2011-09-03,1880
2011-09-04,2120
2011-09-05,1970
2011-09-06,5130
2011-09-07,8000
2011-09-08,54400
2011-09-09,73500
2011-09-10,34100
2011-09-11,33600
2011-09-12,21800
2011-09-13,14400
2011-09-14,11200
2011-09-15,9630
2011-09-16,10300
2011-09-17,12500
2011-09-18,9550
2011-09-19,7480
2011-09-20,6400
2011-09-21,5680
2011-09-22,6160
2011-09-23,10800
2011-09-24,11800
2011-09-25,11500
2011-09-26,6560
2011-09-27,5640
2011-09-28,10600
2011-09-29,13900
2011-09-30,18000
2011-10-01,13800
2011-10-02,12500
2011-10-03,13000
2011-10-04,16200
2011-10-05,15500
2011-10-06,13100
2011-10-07,10800
2011-10-08,9020
2011-10-09,7690
2011-10-10,6700
2011-10-11,5890
2011-10-12,5500
2011-10-13,8060
2011-10-14,15400
2011-10-15,14300
2011-10-16,14500
2011-10-17,16100
2011-10-18,14000
2011-10-19,12400
2011-10-20,16100
2011-10-21,15700
2011-10-22,11700
2011-10-23,10000
2011-10-24,8790
2011-10-25,7990
2011-10-26,7370
2011-10-27,7030
2011-10-28,6640
2011-10-29,7610
2011-10-30,10500
2011-10-31,11200
2011-11-01,12800
2011-11-02,13400
2011-11-03,13100
2011-11-04,12200
2011-11-05,11300
2011-11-06,10600
2011-11-07,9720
2011-11-08,9020
2011-11-09,8470
2011-11-10,8020
2011-11-11,7560
2011-11-12,7020
2011-11-13,6600
2011-11-14,6160
2011-11-15,5840
2011-11-16,5760
2011-11-17,6640
2011-11-18,8610
2011-11-19,11400
2011-11-20,11400
2011-11-21,10300
2011-11-22,10400
2011-11-23,27100
2011-11-24,74000
2011-11-25,53700
2011-11-26,35000
2011-11-27,26400
2011-11-28,21600
2011-11-29,18900
2011-11-30,19200
2011-12-01,21500
2011-12-02,28900
2011-12-03,24200
2011-12-04,19300
2011-12-05,16400
2011-12-06,14500
2011-12-07,16900
2011-12-08,36400
2011-12-09,80800
2011-12-10,68900
2011-12-11,43300
2011-12-12,31700
2011-12-13,25300
2011-12-14,21300
2011-12-15,18700
2011-12-16,17100
2011-12-17,15400
2011-12-18,13800
2011-12-19,12500
2011-12-20,11600
2011-12-21,11000
2011-12-22,10500
2011-12-23,15200
2011-12-24,15600
2011-12-25,14400
2011-12-26,16800
2011-12-27,16700
2011-12-28,20400
2011-12-29,21100
2011-12-30,20000
2011-12-31,18300
2012-01-01,16400
2012-01-02,15100
2012-01-03,13800
2012-01-04,12600
2012-01-05,11600
2012-01-06,10800
2012-01-07,10400
2012-01-08,10000
2012-01-09,9550
2012-01-10,9060
2012-01-11,8730
2012-01-12,12800
2012-01-13,18600
2012-01-14,35600
2012-01-15,36500
2012-01-16,28600
2012-01-17,22900
2012-01-18,19900
2012-01-19,18200
2012-01-20,17600
2012-01-21,16600
2012-01-22,15100
2012-01-23,13900
2012-01-24,13400
2012-01-25,13800
2012-01-26,15200
2012-01-27,15700
2012-01-28,19400
2012-01-29,21100
2012-01-30,19000
2012-01-31,17100
2012-02-01,15500
2012-02-02,14300
2012-02-03,13300
2012-02-04,12300
2012-02-05,11700
2012-02-06,11500
2012-02-07,11200
2012-02-08,11100
2012-02-09,10700
2012-02-10,10200
2012-02-11,9990
2012-02-12,9870
2012-02-13,9410
2012-02-14,8980
2012-02-15,8450
2012-02-16,8210
2012-02-17,8350
2012-02-18,8320
2012-02-19,8390
2012-02-20,8360
2012-02-21,8310
2012-02-22,8210
2012-02-23,8080
2012-02-24,8060
2012-02-25,8290
2012-02-26,8290
2012-02-27,8500
2012-02-28,8560
2012-02-29,9760
2012-03-01,17800
2012-03-02,45500
2012-03-03,55900
2012-03-04,45100
2012-03-05,41500
2012-03-06,34500
2012-03-07,27700
2012-03-08,23500
2012-03-09,19700
2012-03-10,17100
2012-03-11,15200
2012-03-12,13600
2012-03-13,12300
2012-03-14,11600
2012-03-15,10800
2012-03-16,10200
2012-03-17,9650
2012-03-18,9090
2012-03-19,8620
2012-03-20,8520
2012-03-21,9230
2012-03-22,9200
2012-03-23,9170
2012-03-24,9150
2012-03-25,9860
2012-03-26,11800
2012-03-27,15100
2012-03-28,18000
2012-03-29,16100
2012-03-30,13800
2012-03-31,12400
2012-04-01,11300
2012-04-02,10700
2012-04-03,10400
2012-04-04,9940
2012-04-05,9330
2012-04-06,8610
2012-04-07,8010
2012-04-08,7450
2012-04-09,6970
2012-04-10,6490
2012-04-11,6410
2012-04-12,5960
2012-04-13,5830
2012-04-14,5620
2012-04-15,5410
2012-04-16,5160
2012-04-17,5040
2012-04-18,4920
2012-04-19,4990
2012-04-20,4880
2012-04-21,4810
2012-04-22,5110
2012-04-23,6870
2012-04-24,8140
2012-04-25,8760
2012-04-26,8740
2012-04-27,8290
2012-04-28,7330
2012-04-29,7060
2012-04-30,6600
2012-05-01,6290
2012-05-02,5870
2012-05-03,5930
2012-05-04,5990
2012-05-05,6190
2012-05-06,6330
2012-05-07,5990
2012-05-08,5830
2012-05-09,6550
2012-05-10,7710
2012-05-11,6980
2012-05-12,6620
2012-05-13,6500
2012-05-14,6190
2012-05-15,6990
2012-05-16,9020
2012-05-17,18000
2012-05-18,20300
2012-05-19,15200
2012-05-20,11600
2012-05-21,9620
2012-05-22,10000
2012-05-23,12400
2012-05-24,14000
2012-05-25,14900
2012-05-26,12000
2012-05-27,9800
2012-05-28,8510
2012-05-29,8220
2012-05-30,12200
2012-05-31,13200
2012-06-01,12400
2012-06-02,20100
2012-06-03,20000
2012-06-04,13900
2012-06-05,10400
2012-06-06,8590
2012-06-07,7480
2012-06-08,6410
2012-06-09,5760
2012-06-10,5220
2012-06-11,4750
2012-06-12,4500
2012-06-13,4980
2012-06-14,5570
2012-06-15,5540
2012-06-16,4820
2012-06-17,4380
2012-06-18,3990
2012-06-19,3720
2012-06-20,3430
2012-06-21,3380
2012-06-22,3450
2012-06-23,3980
2012-06-24,3970
2012-06-25,3480
2012-06-26,3000
2012-06-27,2650
2012-06-28,2500
2012-06-29,2340
2012-06-30,2880
2012-07-01,2840
2012-07-02,2410
2012-07-03,2440
2012-07-04,2410
2012-07-05,2260
2012-07-06,2120
2012-07-07,1940
2012-07-08,1860
2012-07-09,1950
2012-07-10,3660
2012-07-11,2920
2012-07-12,2170
2012-07-13,1830
2012-07-14,2120
2012-07-15,2190
2012-07-16,1910
2012-07-17,1770
2012-07-18,1740
2012-07-19,1950
2012-07-20,3050
2012-07-21,4850
2012-07-22,5240
2012-07-23,4920
2012-07-24,4740
2012-07-25,4670
2012-07-26,4310
2012-07-27,3510
2012-07-28,3100
2012-07-29,4190
2012-07-30,4100
2012-07-31,3390
2012-08-01,2950
2012-08-02,2650
2012-08-03,2510
2012-08-04,2490
2012-08-05,2440
2012-08-06,2420
2012-08-07,2620
2012-08-08,2570
2012-08-09,2470
2012-08-10,3090
2012-08-11,3150
2012-08-12,3060
2012-08-13,3990
2012-08-14,3650
2012-08-15,3170
2012-08-16,2820
2012-08-17,2570
2012-08-18,2610
2012-08-19,3220
2012-08-20,4150
2012-08-21,4250
2012-08-22,3750
2012-08-23,3700
2012-08-24,3490
2012-08-25,3230
2012-08-26,3090
2012-08-27,3170
2012-08-28,3320
2012-08-29,3830
2012-08-30,3730
2012-08-31,3090
2012-09-01,2860
2012-09-02,2600
2012-09-03,2320
2012-09-04,2820
2012-09-05,3150
2012-09-06,2980
2012-09-07,4230
2012-09-08,3770
2012-09-09,3330
2012-09-10,2950
2012-09-11,2680
2012-09-12,2550
2012-09-13,2300
2012-09-14,2130
2012-09-15,1960
2012-09-16,1880
2012-09-17,1720
2012-09-18,1980
2012-09-19,6740
2012-09-20,13100
2012-09-21,8480
2012-09-22,7730
2012-09-23,7000
2012-09-24,5820
2012-09-25,4660
2012-09-26,3880
2012-09-27,3450
2012-09-28,3390
2012-09-29,4480
2012-09-30,5590
2012-10-01,4730
2012-10-02,6420
2012-10-03,8140
2012-10-04,7700
2012-10-05,6000
2012-10-06,4910
2012-10-07,4220
2012-10-08,3800
2012-10-09,3510
2012-10-10,3250
2012-10-11,3070
2012-10-12,2920
2012-10-13,2810
2012-10-14,2740
2012-10-15,2570
2012-10-16,2760
2012-10-17,2570
2012-10-18,2430
2012-10-19,3020
2012-10-20,5280
2012-10-21,5170
2012-10-22,3830
2012-10-23,3220
2012-10-24,2900
2012-10-25,2760
2012-10-26,2680
2012-10-27,2540
2012-10-28,2450
2012-10-29,8080
2012-10-30,76200
2012-10-31,134000
2012-11-01,76800
2012-11-02,35100
2012-11-03,22600
2012-11-04,16900
2012-11-05,13700
2012-11-06,11500
2012-11-07,9990
2012-11-08,8800
2012-11-09,7910
2012-11-10,7220
2012-11-11,6640
2012-11-12,6120
2012-11-13,6870
2012-11-14,8250
2012-11-15,7900
2012-11-16,7040
2012-11-17,6940
2012-11-18,6600
2012-11-19,6080
2012-11-20,5700
2012-11-21,5410
2012-11-22,5140
2012-11-23,4940
2012-11-24,4770
2012-11-25,4470
2012-11-26,4250
2012-11-27,4240
2012-11-28,4190
2012-11-29,4250
2012-11-30,4190
2012-12-01,3990
2012-12-02,3870
2012-12-03,3770
2012-12-04,3690
2012-12-05,3630
2012-12-06,3530
2012-12-07,3430
2012-12-08,3410
2012-12-09,3520
2012-12-10,3630
2012-12-11,3850
2012-12-12,4330
2012-12-13,4670
2012-12-14,4900
2012-12-15,4900
2012-12-16,4750
2012-12-17,4580
2012-12-18,4520
2012-12-19,4400
2012-12-20,4590
2012-12-21,6160
2012-12-22,11800
2012-12-23,14800
2012-12-24,13200
2012-12-25,11500
2012-12-26,12100
2012-12-27,19700
2012-12-28,19000
2012-12-29,14800
2012-12-30,12700
2012-12-31,11400
2013-01-01,10600
2013-01-02,10100
2013-01-03,9720
2013-01-04,9480
2013-01-05,9040
2013-01-06,8510
2013-01-07,8110
2013-01-08,7880
2013-01-09,7970
2013-01-10,8160
2013-01-11,8150
2013-01-12,8330
2013-01-13,10300
2013-01-14,13700
2013-01-15,17000
2013-01-16,23300
2013-01-17,37400
2013-01-18,47500
2013-01-19,39900
2013-01-20,29900
2013-01-21,23900
2013-01-22,20100
2013-01-23,16500
2013-01-24,13400
2013-01-25,11200
2013-01-26,9470
2013-01-27,8940
2013-01-28,8750
2013-01-29,8920
2013-01-30,9150
2013-01-31,64100
2013-02-01,91400
2013-02-02,82100
2013-02-03,49700
2013-02-04,34800
2013-02-05,27800
2013-02-06,23000
2013-02-07,19100
2013-02-08,16800
2013-02-09,15100
2013-02-10,13400
2013-02-11,12700
2013-02-12,12300
2013-02-13,11800
2013-02-14,11500
2013-02-15,11500
2013-02-16,11500
2013-02-17,11200
2013-02-18,10400
2013-02-19,9590
2013-02-20,9250
2013-02-21,8920
2013-02-22,8450
2013-02-23,8120
2013-02-24,7790
2013-02-25,7320
2013-02-26,7190
2013-02-27,11000
2013-02-28,15800
2013-03-01,15700
2013-03-02,16000
2013-03-03,15000
2013-03-04,13500
2013-03-05,12200
2013-03-06,12200
2013-03-07,14100
2013-03-08,14500
2013-03-09,14400
2013-03-10,14700
2013-03-11,14700
2013-03-12,20400
2013-03-13,36200
2013-03-14,43600
2013-03-15,40000
2013-03-16,30400
2013-03-17,24500
2013-03-18,20600
2013-03-19,19600
2013-03-20,18800
2013-03-21,19800
2013-03-22,22400
2013-03-23,21300
2013-03-24,18800
2013-03-25,16800
2013-03-26,16300
2013-03-27,16100
2013-03-28,16300
2013-03-29,16300
2013-03-30,15500
2013-03-31,14600
2013-04-01,14200
2013-04-02,14300
2013-04-03,15300
2013-04-04,16500
2013-04-05,16500
2013-04-06,14900
2013-04-07,13500
2013-04-08,12500
2013-04-09,11400
2013-04-10,10900
2013-04-11,11000
2013-04-12,12200
2013-04-13,13000
2013-04-14,19000
2013-04-15,22300
2013-04-16,18800
2013-04-17,16100
2013-04-18,14700
2013-04-19,13800
2013-04-20,16400
2013-04-21,16100
2013-04-22,17900
2013-04-23,17100
2013-04-24,15300
2013-04-25,13900
2013-04-26,12700
2013-04-27,11600
2013-04-28,10300
2013-04-29,9500
2013-04-30,9210
2013-05-01,9120
2013-05-02,8670
2013-05-03,7960
2013-05-04,7840
2013-05-05,7070
2013-05-06,6560
2013-05-07,6700
2013-05-08,8370
2013-05-09,51400
2013-05-10,89900
2013-05-11,59700
2013-05-12,46100
2013-05-13,38800
2013-05-14,30700
2013-05-15,24200
2013-05-16,20400
2013-05-17,17000
2013-05-18,14800
2013-05-19,12800
2013-05-20,11200
2013-05-21,10200
2013-05-22,9280
2013-05-23,9250
2013-05-24,12600
2013-05-25,13300
2013-05-26,12600
2013-05-27,11100
2013-05-28,9590
2013-05-29,8650
2013-05-30,7630
2013-05-31,7020
2013-06-01,6440
2013-06-02,6040
2013-06-03,8740
2013-06-04,6970
2013-06-05,6330
2013-06-06,5390
2013-06-07,8350
2013-06-08,9130
2013-06-09,7760
2013-06-10,15800
2013-06-11,22400
2013-06-12,18100
2013-06-13,23900
2013-06-14,21700
2013-06-15,17500
2013-06-16,15500
2013-06-17,13800
2013-06-18,11400
2013-06-19,10700
2013-06-20,11400
2013-06-21,10900
2013-06-22,9310
2013-06-23,7870
2013-06-24,6630
2013-06-25,6180
2013-06-26,5630
2013-06-27,5300
2013-06-28,5590
2013-06-29,5600
2013-06-30,5800
2013-07-01,5890
2013-07-02,5190
2013-07-03,6240
2013-07-04,5510
2013-07-05,5020
2013-07-06,4510
2013-07-07,4310
2013-07-08,4290
2013-07-09,4690
2013-07-10,4860
2013-07-11,5160
2013-07-12,8650
2013-07-13,6440
2013-07-14,11600
2013-07-15,12100
2013-07-16,10500
2013-07-17,8160
2013-07-18,6540
2013-07-19,5350
2013-07-20,4600
2013-07-21,4500
2013-07-22,4220
2013-07-23,4580
2013-07-24,6010
2013-07-25,8690
2013-07-26,7710
2013-07-27,5750
2013-07-28,5530
2013-07-29,4530
2013-07-30,4110
2013-07-31,3710
2013-08-01,3670
2013-08-02,3370
2013-08-03,3260
2013-08-04,3210
2013-08-05,3000
2013-08-06,2770
2013-08-07,2860
2013-08-08,2900
2013-08-09,3450
2013-08-10,3130
2013-08-11,3500
2013-08-12,4110
2013-08-13,4640
2013-08-14,4180
2013-08-15,3690
2013-08-16,3610
2013-08-17,3840
2013-08-18,3580
2013-08-19,3090
2013-08-20,2820
2013-08-21,2580
2013-08-22,2540
2013-08-23,2720
2013-08-24,2920
2013-08-25,2800
2013-08-26,3120
2013-08-27,4200
2013-08-28,5020
2013-08-29,4350
2013-08-30,3440
2013-08-31,3010
2013-09-01,3180
2013-09-02,5130
2013-09-03,5000
2013-09-04,4270
2013-09-05,3550
2013-09-06,3020
2013-09-07,2870
2013-09-08,2740
2013-09-09,2500
2013-09-10,2320
2013-09-11,2190
2013-09-12,2540
2013-09-13,3020
2013-09-14,2650
2013-09-15,2210
2013-09-16,1880
2013-09-17,1860
2013-09-18,1860
2013-09-19,1810
2013-09-20,1770
2013-09-21,1830
2013-09-22,2400
2013-09-23,2030
2013-09-24,1990
2013-09-25,2000
2013-09-26,1980
2013-09-27,1980
2013-09-28,1890
2013-09-29,1840
2013-09-30,1710
2013-10-01,1620
2013-10-02,1580
2013-10-03,1590
2013-10-04,1800
2013-10-05,1980
2013-10-06,1650
2013-10-07,1730
2013-10-08,2750
2013-10-09,2210
2013-10-10,2950
2013-10-11,7400
2013-10-12,14700
2013-10-13,20100
2013-10-14,14900
2013-10-15,12200
2013-10-16,9670
2013-10-17,8360
2013-10-18,7130
2013-10-19,5990
2013-10-20,5170
2013-10-21,4590
2013-10-22,4310
2013-10-23,4040
2013-10-24,3690
2013-10-25,3390
2013-10-26,3220
2013-10-27,3060
2013-10-28,2820
2013-10-29,2810
2013-10-30,2800
2013-10-31,2690
2013-11-01,2720
2013-11-02,2800
2013-11-03,2840
2013-11-04,2710
2013-11-05,2680
2013-11-06,2620
2013-11-07,2560
2013-11-08,2520
2013-11-09,2520
2013-11-10,2500
2013-11-11,2370
2013-11-12,2400
2013-11-13,2320
2013-11-14,2240
2013-11-15,2240
2013-11-16,2310
2013-11-17,2240
2013-11-18,2280
2013-11-19,2350
2013-11-20,2320
2013-11-21,2280
2013-11-22,2200
2013-11-23,2250
2013-11-24,2150
2013-11-25,1950
2013-11-26,2190
2013-11-27,7430
2013-11-28,10200
2013-11-29,9950
2013-11-30,9740
2013-12-01,8890
2013-12-02,7240
2013-12-03,6080
2013-12-04,5350
2013-12-05,4870
2013-12-06,4810
2013-12-07,9470
2013-12-08,28000
2013-12-09,39200
2013-12-10,29000
2013-12-11,23100
2013-12-12,21400
2013-12-13,20000
2013-12-14,16600
2013-12-15,15600
2013-12-16,15300
2013-12-17,14000
2013-12-18,12600
2013-12-19,11600
2013-12-20,10800
2013-12-21,10600
2013-12-22,14000
2013-12-23,25100
2013-12-24,32100
2013-12-25,29700
2013-12-26,27400
2013-12-27,22400
2013-12-28,18500
2013-12-29,18900
2013-12-30,27500
2013-12-31,52300
2014-01-01,45700
2014-01-02,32100
2014-01-03,25400
2014-01-04,20800
2014-01-05,17000
2014-01-06,15900
2014-01-07,17200
2014-01-08,14200
2014-01-09,12800
2014-01-10,12400
2014-01-11,14900
2014-01-12,23200
2014-01-13,19100
2014-01-14,17200
2014-01-15,17000
2014-01-16,15900
2014-01-17,14200
2014-01-18,13200
2014-01-19,12000
2014-01-20,11000
2014-01-21,10400
2014-01-22,9840
2014-01-23,8360
2014-01-24,7270
2014-01-25,7250
2014-01-26,6170
2014-01-27,7030
2014-01-28,9550
2014-01-29,5900
2014-01-30,5980
2014-01-31,6250
2014-02-01,6800
2014-02-02,6870
2014-02-03,10700
2014-02-04,15500
2014-02-05,24100
2014-02-06,41700
2014-02-07,52000
2014-02-08,41800
2014-02-09,30500
2014-02-10,24500
2014-02-11,20600
2014-02-12,17500
2014-02-13,15500
2014-02-14,14000
2014-02-15,13400
2014-02-16,12800
2014-02-17,12200
2014-02-18,11700
2014-02-19,11600
2014-02-20,13600
2014-02-21,22400
2014-02-22,48000
2014-02-23,69500
2014-02-24,66500
2014-02-25,52800
2014-02-26,40500
2014-02-27,31400
2014-02-28,25500
2014-03-01,21000
2014-03-02,18000
2014-03-03,17500
2014-03-04,16500
2014-03-05,15700
2014-03-06,16500
2014-03-07,15900
2014-03-08,15800
2014-03-09,16200
2014-03-10,16500
2014-03-11,17400
2014-03-12,18900
2014-03-13,21400
2014-03-14,23400
2014-03-15,22800
2014-03-16,19800
2014-03-17,17900
2014-03-18,16600
2014-03-19,16000
2014-03-20,15800
2014-03-21,15400
2014-03-22,16500
2014-03-23,19400
2014-03-24,18400
2014-03-25,16900
2014-03-26,16000
2014-03-27,14600
2014-03-28,13700
2014-03-29,13700
2014-03-30,25700
2014-03-31,44000
2014-04-01,40900
2014-04-02,33600
2014-04-03,28500
2014-04-04,25400
2014-04-05,23000
2014-04-06,20400
2014-04-07,18800
2014-04-08,18100
2014-04-09,17600
2014-04-10,16700
2014-04-11,15600
2014-04-12,14400
2014-04-13,13500
2014-04-14,12800
2014-04-15,14000
2014-04-16,16300
2014-04-17,17800
2014-04-18,17400
2014-04-19,16000
2014-04-20,14500
2014-04-21,13500
2014-04-22,12800
2014-04-23,12400
2014-04-24,11700
2014-04-25,11000
2014-04-26,11600
2014-04-27,12500
2014-04-28,13100
2014-04-29,13300
2014-04-30,47400
2014-05-01,83900
2014-05-02,66900
2014-05-03,45000
2014-05-04,34300
2014-05-05,27700
2014-05-06,23800
2014-05-07,20200
2014-05-08,18600
2014-05-09,16900
2014-05-10,16200
2014-05-11,15500
2014-05-12,14100
2014-05-13,13800
2014-05-14,14500
2014-05-15,13800
2014-05-16,71100
2014-05-17,144000
2014-05-18,125000
2014-05-19,63000
2014-05-20,43200
2014-05-21,33200
2014-05-22,28100
2014-05-23,24600
2014-05-24,21500
2014-05-25,18000
2014-05-26,14900
2014-05-27,13300
2014-05-28,14800
2014-05-29,12900
2014-05-30,13300
2014-05-31,11900
2014-06-01,11500
2014-06-02,11200
2014-06-03,10700
2014-06-04,10000
2014-06-05,9200
2014-06-06,8890
2014-06-07,8290
2014-06-08,8200
2014-06-09,10600
2014-06-10,14000
2014-06-11,15800
2014-06-12,29100
2014-06-13,31200
2014-06-14,40200
2014-06-15,32400
2014-06-16,19400
2014-06-17,14600
2014-06-18,11900
2014-06-19,10400
2014-06-20,9490
2014-06-21,9130
2014-06-22,8540
2014-06-23,7620
2014-06-24,7310
2014-06-25,7580
2014-06-26,6860
2014-06-27,7080
2014-06-28,6930
2014-06-29,6170
2014-06-30,5590
2014-07-01,5550
2014-07-02,5440
2014-07-03,5790
2014-07-04,5790
2014-07-05,5320
2014-07-06,5140
2014-07-07,5300
2014-07-08,5700
2014-07-09,5430
2014-07-10,5020
2014-07-11,5430
2014-07-12,4410
2014-07-13,4100
2014-07-14,4590
2014-07-15,6420
2014-07-16,7320
2014-07-17,5600
2014-07-18,4590
2014-07-19,4150
2014-07-20,3840
2014-07-21,3500
2014-07-22,3360
2014-07-23,3150
2014-07-24,3430
2014-07-25,3520
2014-07-26,3310
2014-07-27,3280
2014-07-28,3110
2014-07-29,3210
2014-07-30,3880
2014-07-31,3420
2014-08-01,3250
2014-08-02,3270
2014-08-03,3380
2014-08-04,3530
2014-08-05,3530
2014-08-06,3570
2014-08-07,3250
2014-08-08,3030
2014-08-09,2900
2014-08-10,2670
2014-08-11,2450
2014-08-12,5940
2014-08-13,4350
2014-08-14,3620
2014-08-15,3950
2014-08-16,3430
2014-08-17,3380
2014-08-18,3030
2014-08-19,2840
2014-08-20,2540
2014-08-21,2730
2014-08-22,3370
2014-08-23,3210
2014-08-24,4000
2014-08-25,4260
2014-08-26,3630
2014-08-27,3080
2014-08-28,2770
2014-08-29,2610
2014-08-30,2430
2014-08-31,2570
2014-09-01,2690
2014-09-02,2750
2014-09-03,2990
2014-09-04,3180
2014-09-05,2940
2014-09-06,3100
2014-09-07,2620
2014-09-08,2300
2014-09-09,2430
2014-09-10,2200
2014-09-11,2140
2014-09-12,2510
2014-09-13,2280
2014-09-14,2160
2014-09-15,2030
2014-09-16,1950
2014-09-17,1900
2014-09-18,1790
2014-09-19,1790
2014-09-20,1750
2014-09-21,1700
2014-09-22,1600
2014-09-23,1580
2014-09-24,1570
2014-09-25,2150
2014-09-26,2070
2014-09-27,2020
2014-09-28,1970
2014-09-29,1780
2014-09-30,1710
2014-10-01,1850
2014-10-02,2040
2014-10-03,2490
2014-10-04,2460
2014-10-05,2880
2014-10-06,2430
2014-10-07,2150
2014-10-08,2220
2014-10-09,1960
2014-10-10,1880
2014-10-11,2130
2014-10-12,2190
2014-10-13,2210
2014-10-14,2320
2014-10-15,2800
2014-10-16,6190
2014-10-17,9530
2014-10-18,9680
2014-10-19,7610
2014-10-20,6060
2014-10-21,4920
2014-10-22,4860
2014-10-23,4130
2014-10-24,3550
2014-10-25,3380
2014-10-26,3130
2014-10-27,2900
2014-10-28,2780
2014-10-29,2710
2014-10-30,2700
2014-10-31,2620
2014-11-01,2530
2014-11-02,2290
2014-11-03,2340
2014-11-04,2250
2014-11-05,2260
2014-11-06,2490
2014-11-07,2700
2014-11-08,2650
2014-11-09,2650
2014-11-10,2490
2014-11-11,2520
2014-11-12,2410
2014-11-13,2450
2014-11-14,2420
2014-11-15,2360
2014-11-16,2270
2014-11-17,2530
2014-11-18,2770
2014-11-19,2610
2014-11-20,2650
2014-11-21,2570
2014-11-22,2430
2014-11-23,2400
2014-11-24,2660
2014-11-25,2910
2014-11-26,4390
2014-11-27,5920
2014-11-28,6250
2014-11-29,5810
2014-11-30,5340
2014-12-01,4860
2014-12-02,4940
2014-12-03,5400
2014-12-04,5900
2014-12-05,7290
2014-12-06,8310
2014-12-07,10000
2014-12-08,13700
2014-12-09,17400
2014-12-10,19700
2014-12-11,17800
2014-12-12,14400
2014-12-13,12000
2014-12-14,10400
2014-12-15,9050
2014-12-16,8450
2014-12-17,8170
2014-12-18,7560
2014-12-19,6640
2014-12-20,6030
2014-12-21,5700
2014-12-22,5500
2014-12-23,5560
2014-12-24,7600
2014-12-25,11800
2014-12-26,11300
2014-12-27,10500
2014-12-28,9730
2014-12-29,8880
2014-12-30,7950
2014-12-31,7220
2015-01-01,6660
2015-01-02,6230
2015-01-03,5910
2015-01-04,8290
2015-01-05,9800
2015-01-06,9290
2015-01-07,8960
2015-01-08,7420
2015-01-09,6800
2015-01-10,6200
2015-01-11,5700
2015-01-12,7030
2015-01-13,9330
2015-01-14,8810
2015-01-15,8010
2015-01-16,7340
2015-01-17,6780
2015-01-18,6340
2015-01-19,5980
2015-01-20,5710
2015-01-21,5600
2015-01-22,5390
2015-01-23,5310
2015-01-24,9180
2015-01-25,10500
2015-01-26,10400
2015-01-27,11500
2015-01-28,12300
2015-01-29,11300
2015-01-30,10200
2015-01-31,8830
2015-02-01,8020
2015-02-02,7750
2015-02-03,7820
2015-02-04,7370
2015-02-05,7060
2015-02-06,7300
2015-02-07,7290
2015-02-08,7200
2015-02-09,7000
2015-02-10,6790
2015-02-11,6610
2015-02-12,6790
2015-02-13,7570
2015-02-14,7850
2015-02-15,5780
2015-02-16,4870
2015-02-17,4270
2015-02-18,5060
2015-02-19,4920
2015-02-20,4380
2015-02-21,3950
2015-02-22,4490
2015-02-23,4510
2015-02-24,5420
2015-02-25,5120
2015-02-26,5810
2015-02-27,5750
2015-02-28,5410
2015-03-01,4930
2015-03-02,5140
2015-03-03,5160
2015-03-04,5170
2015-03-05,10300
2015-03-06,15900
2015-03-07,29000
2015-03-08,31500
2015-03-09,29400
2015-03-10,36600
2015-03-11,47400
2015-03-12,50000
2015-03-13,51400
2015-03-14,46000
2015-03-15,45000
2015-03-16,38300
2015-03-17,34500
2015-03-18,28800
2015-03-19,23900
2015-03-20,19900
2015-03-21,18400
2015-03-22,17700
2015-03-23,19600
2015-03-24,19900
2015-03-25,17800
2015-03-26,15900
2015-03-27,16900
2015-03-28,15700
2015-03-29,13600
2015-03-30,12600
2015-03-31,11900
2015-04-01,11000
2015-04-02,10300
2015-04-03,9570
2015-04-04,9100
2015-04-05,8640
2015-04-06,8260
2015-04-07,8140
2015-04-08,9690
2015-04-09,9640
2015-04-10,9460
2015-04-11,9890
2015-04-12,14700
2015-04-13,17100
2015-04-14,15100
2015-04-15,13600
2015-04-16,13400
2015-04-17,19400
2015-04-18,20600
2015-04-19,17700
2015-04-20,20600
2015-04-21,36300
2015-04-22,58800
2015-04-23,46200
2015-04-24,33600
2015-04-25,26300
2015-04-26,22300
2015-04-27,18500
2015-04-28,16900
2015-04-29,15600
2015-04-30,14000
2015-05-01,13100
2015-05-02,12400
2015-05-03,12900
2015-05-04,14200
2015-05-05,13600
2015-05-06,11900
2015-05-07,11300
2015-05-08,13600
2015-05-09,13600
2015-05-10,11400
2015-05-11,9660
2015-05-12,8510
2015-05-13,7640
2015-05-14,6930
2015-05-15,6170
2015-05-16,6300
2015-05-17,6980
2015-05-18,6220
2015-05-19,8020
2015-05-20,8490
2015-05-21,7730
2015-05-22,7560
2015-05-23,7220
2015-05-24,6320
2015-05-25,5630
2015-05-26,5060
2015-05-27,4810
2015-05-28,4630
2015-05-29,4470
2015-05-30,4100
2015-05-31,3870
2015-06-01,3880
2015-06-02,7180
2015-06-03,8890
2015-06-04,8190
2015-06-05,7910
2015-06-06,7290
2015-06-07,6200
2015-06-08,5910
2015-06-09,6460
2015-06-10,6180
2015-06-11,5830
2015-06-12,4820
2015-06-13,4240
2015-06-14,4160
2015-06-15,4070
2015-06-16,3810
2015-06-17,4330
2015-06-18,4700
2015-06-19,5160
2015-06-20,6810
2015-06-21,10800
2015-06-22,11500
2015-06-23,11200
2015-06-24,12600
2015-06-25,9580
2015-06-26,7960
2015-06-27,12400
2015-06-28,26300
2015-06-29,44200
2015-06-30,40600
2015-07-01,26200
2015-07-02,18800
2015-07-03,14000
2015-07-04,11700
2015-07-05,11000
2015-07-06,9110
2015-07-07,8570
2015-07-08,8540
2015-07-09,10700
2015-07-10,9150
2015-07-11,8720
2015-07-12,7610
2015-07-13,6920
2015-07-14,7090
2015-07-15,12100
2015-07-16,9540
2015-07-17,8200
2015-07-18,7200
2015-07-19,6520
2015-07-20,5960
2015-07-21,5260
2015-07-22,4730
2015-07-23,4190
2015-07-24,3810
2015-07-25,3490
2015-07-26,3270
2015-07-27,3130
2015-07-28,3120
2015-07-29,3070
2015-07-30,3420
2015-07-31,3490
2015-08-01,3090
2015-08-02,2850
2015-08-03,2700
2015-08-04,2680
2015-08-05,2630
2015-08-06,2310
2015-08-07,2140
2015-08-08,2030
2015-08-09,2140
2015-08-10,2110
2015-08-11,2070
2015-08-12,2020
2015-08-13,2070
2015-08-14,2040
2015-08-15,1980
2015-08-16,1930
2015-08-17,1790
2015-08-18,1680
2015-08-19,1660
2015-08-20,1800
2015-08-21,2650
2015-08-22,4120
2015-08-23,3290
2015-08-24,2490
2015-08-25,2510
2015-08-26,2270
2015-08-27,2110
2015-08-28,2060
2015-08-29,1680
2015-08-30,1420
2015-08-31,1280
2015-09-01,1250
2015-09-02,1200
2015-09-03,1260
2015-09-04,1330
2015-09-05,1320
2015-09-06,1390
2015-09-07,1420
2015-09-08,1310
2015-09-09,1260
2015-09-10,1210
2015-09-11,1360
2015-09-12,1580
2015-09-13,2140
2015-09-14,2180
2015-09-15,2100
2015-09-16,2040
2015-09-17,1840
2015-09-18,1630
2015-09-19,1510
2015-09-20,1390
2015-09-21,1260
2015-09-22,1370
2015-09-23,1350
2015-09-24,1360
2015-09-25,1830
2015-09-26,1510
2015-09-27,1320
2015-09-28,1280
2015-09-29,1700
2015-09-30,15800
2015-10-01,10600
2015-10-02,11300
2015-10-03,11400
2015-10-04,12000
2015-10-05,19300
2015-10-06,24000
2015-10-07,19200
2015-10-08,13900
2015-10-09,10400
2015-10-10,8160
2015-10-11,6580
2015-10-12,5610
2015-10-13,4910
2015-10-14,4520
2015-10-15,4100
2015-10-16,3750
2015-10-17,3410
2015-10-18,3160
2015-10-19,2890
2015-10-20,2810
2015-10-21,2680
2015-10-22,2590
2015-10-23,2490
2015-10-24,2480
2015-10-25,2400
2015-10-26,2330
2015-10-27,2270
2015-10-28,2480
2015-10-29,11100
2015-10-30,12900
2015-10-31,6930
2015-11-01,7850
2015-11-02,7180
2015-11-03,6580
2015-11-04,5620
2015-11-05,5020
2015-11-06,4470
2015-11-07,4120
2015-11-08,3790
2015-11-09,3540
2015-11-10,4220
2015-11-11,4510
2015-11-12,4440
2015-11-13,4800
2015-11-14,5440
2015-11-15,6330
2015-11-16,6120
2015-11-17,5500
2015-11-18,4940
2015-11-19,4790
2015-11-20,4940
2015-11-21,5460
2015-11-22,6070
2015-11-23,7220
2015-11-24,6650
2015-11-25,6020
2015-11-26,5450
2015-11-27,5000
2015-11-28,4670
2015-11-29,4510
2015-11-30,4420
2015-12-01,5160
2015-12-02,7180
2015-12-03,9640
2015-12-04,12400
2015-12-05,18200
2015-12-06,15900
2015-12-07,12900
2015-12-08,10700
2015-12-09,9180
2015-12-10,8150
2015-12-11,7470
2015-12-12,7020
2015-12-13,6300
2015-12-14,5890
2015-12-15,5690
2015-12-16,5260
2015-12-17,5180
2015-12-18,5760
2015-12-19,5530
2015-12-20,5350
2015-12-21,5400
2015-12-22,5410
2015-12-23,5720
2015-12-24,9800
2015-12-25,11900
2015-12-26,18300
2015-12-27,14400
2015-12-28,18100
2015-12-29,24700
2015-12-30,29300
2015-12-31,30000
2016-01-01,26100
2016-01-02,21400
2016-01-03,17500
2016-01-04,14900
2016-01-05,12800
2016-01-06,11200
2016-01-07,9880
2016-01-08,8810
2016-01-09,8130
2016-01-10,13600
2016-01-11,24000
2016-01-12,22500
2016-01-13,20300
2016-01-14,17000
2016-01-15,14600
2016-01-16,14400
2016-01-17,14100
2016-01-18,13000
2016-01-19,12700
2016-01-20,12200
2016-01-21,9090
2016-01-22,8510
2016-01-23,6060
2016-01-24,4220
2016-01-25,3750
2016-01-26,6050
2016-01-27,10400
2016-01-28,12400
2016-01-29,11100
2016-01-30,10800
2016-01-31,11500
2016-02-01,14300
2016-02-02,18100
2016-02-03,45200
2016-02-04,91900
2016-02-05,109000
2016-02-06,71700
2016-02-07,49800
2016-02-08,37700
2016-02-09,31500
2016-02-10,27600
2016-02-11,23800
2016-02-12,20000
2016-02-13,16900
2016-02-14,14200
2016-02-15,12300
2016-02-16,15100
2016-02-17,32200
2016-02-18,45900
2016-02-19,46500
2016-02-20,33700
2016-02-21,28200
2016-02-22,30100
2016-02-23,34200
2016-02-24,36900
2016-02-25,58700
2016-02-26,63500
2016-02-27,51200
2016-02-28,40100
2016-02-29,31900
2016-03-01,27000
2016-03-02,23500
2016-03-03,20400
2016-03-04,18400
2016-03-05,16800
2016-03-06,15300
2016-03-07,14000
2016-03-08,13100
2016-03-09,12200
2016-03-10,11300
2016-03-11,10700
2016-03-12,10100
2016-03-13,9640
2016-03-14,10900
2016-03-15,12100
2016-03-16,15700
2016-03-17,16700
2016-03-18,15300
2016-03-19,14100
2016-03-20,13300
2016-03-21,12500
2016-03-22,11900
2016-03-23,11500
2016-03-24,10900
2016-03-25,10300
2016-03-26,9830
2016-03-27,9380
2016-03-28,9340
2016-03-29,9370
2016-03-30,9320
2016-03-31,8890
2016-04-01,8470
2016-04-02,8230
2016-04-03,8070
2016-04-04,7680
2016-04-05,7480
2016-04-06,7310
2016-04-07,8230
2016-04-08,8980
2016-04-09,8750
2016-04-10,7640
2016-04-11,7220
2016-04-12,7210
2016-04-13,7210
2016-04-14,6860
2016-04-15,6720
2016-04-16,6990
2016-04-17,6570
2016-04-18,6230
2016-04-19,5840
2016-04-20,5580
2016-04-21,5320
2016-04-22,5190
2016-04-23,5080
2016-04-24,5210
2016-04-25,5650
2016-04-26,5750
2016-04-27,5790
2016-04-28,5690
2016-04-29,5520
2016-04-30,5360
2016-05-01,5880
2016-05-02,8790
2016-05-03,16500
2016-05-04,21700
2016-05-05,25700
2016-05-06,26500
2016-05-07,34600
2016-05-08,38000
2016-05-09,32900
2016-05-10,26300
2016-05-11,21900
2016-05-12,19400
2016-05-13,17700
2016-05-14,16600
2016-05-15,17300
2016-05-16,16400
2016-05-17,14800
2016-05-18,13500
2016-05-19,12000
2016-05-20,11000
2016-05-21,10900
2016-05-22,11900
2016-05-23,17000
2016-05-24,30700
2016-05-25,31900
2016-05-26,25900
2016-05-27,20300
2016-05-28,16200
2016-05-29,14800
2016-05-30,13300
2016-05-31,12100
2016-06-01,11100
2016-06-02,10500
2016-06-03,10100
2016-06-04,10900
2016-06-05,21800
2016-06-06,19600
2016-06-07,23000
2016-06-08,18200
2016-06-09,13800
2016-06-10,11000
2016-06-11,9050
2016-06-12,7720
2016-06-13,6600
2016-06-14,5910
2016-06-15,5330
2016-06-16,5180
2016-06-17,7770
2016-06-18,6810
2016-06-19,8270
2016-06-20,9770
2016-06-21,8000
2016-06-22,10500
2016-06-23,8920
2016-06-24,7810
2016-06-25,7670
2016-06-26,11000
2016-06-27,13300
2016-06-28,11400
2016-06-29,8890
2016-06-30,7730
2016-07-01,7900
2016-07-02,6980
2016-07-03,5750
2016-07-04,5020
2016-07-05,5850
2016-07-06,5360
2016-07-07,5050
2016-07-08,4970
2016-07-09,5350
2016-07-10,4690
2016-07-11,4270
2016-07-12,4010
2016-07-13,3590
2016-07-14,3280
2016-07-15,3130
2016-07-16,2940
2016-07-17,3380
2016-07-18,3180
2016-07-19,3240
2016-07-20,3210
2016-07-21,3420
2016-07-22,3040
2016-07-23,2650
2016-07-24,2460
2016-07-25,2300
2016-07-26,2210
2016-07-27,2010
2016-07-28,2510
2016-07-29,4350
2016-07-30,3960
2016-07-31,9340
2016-08-01,9200
2016-08-02,6740
2016-08-03,5200
2016-08-04,4670
2016-08-05,4290
2016-08-06,3800
2016-08-07,3380
2016-08-08,3100
2016-08-09,2930
2016-08-10,3150
2016-08-11,2860
2016-08-12,2610
2016-08-13,2440
2016-08-14,2270
2016-08-15,2290
2016-08-16,3190
2016-08-17,3220
2016-08-18,5310
2016-08-19,5110
2016-08-20,3850
2016-08-21,3520
2016-08-22,3240
2016-08-23,2710
2016-08-24,2440
2016-08-25,2590
2016-08-26,2550
2016-08-27,2130
2016-08-28,1940
2016-08-29,1730
2016-08-30,1630
2016-08-31,1540
2016-09-01,1620
2016-09-02,2330
2016-09-03,1930
2016-09-04,1660
2016-09-05,1510
2016-09-06,1410
2016-09-07,1510
2016-09-08,1840
2016-09-09,1480
2016-09-10,1460
2016-09-11,1390
2016-09-12,1380
2016-09-13,1470
2016-09-14,1550
2016-09-15,1370
2016-09-16,1230
2016-09-17,1210
2016-09-18,1170
2016-09-19,1120
2016-09-20,1200
2016-09-21,1280
2016-09-22,1390
2016-09-23,1750
2016-09-24,1750
2016-09-25,1510
2016-09-26,1300
2016-09-27,1310
2016-09-28,1380
2016-09-29,3490
2016-09-30,4570
2016-10-01,8170
2016-10-02,11700
2016-10-03,10000
2016-10-04,8320
2016-10-05,7170
2016-10-06,5550
2016-10-07,4420
2016-10-08,3740
2016-10-09,3240
2016-10-10,2950
2016-10-11,3130
2016-10-12,3890
2016-10-13,5240
2016-10-14,4780
2016-10-15,4080
2016-10-16,3540
2016-10-17,3170
2016-10-18,2960
2016-10-19,2830
2016-10-20,2630
2016-10-21,2540
2016-10-22,2500
2016-10-23,2240
2016-10-24,2060
2016-10-25,2010
2016-10-26,2090
2016-10-27,1990
2016-10-28,1940
2016-10-29,1890
2016-10-30,1900
2016-10-31,1830
2016-11-01,1920
2016-11-02,2020
2016-11-03,1950
2016-11-04,2020
2016-11-05,1990
2016-11-06,1900
2016-11-07,1820
2016-11-08,1830
2016-11-09,1910
2016-11-10,1890
2016-11-11,1870
2016-11-12,1890
2016-11-13,1840
2016-11-14,1730
2016-11-15,1790
2016-11-16,1810
2016-11-17,1800
2016-11-18,1810
2016-11-19,1790
2016-11-20,1740
2016-11-21,1610
2016-11-22,1590
2016-11-23,1600
2016-11-24,1580
2016-11-25,1620
2016-11-26,1610
2016-11-27,1540
2016-11-28,1480
2016-11-29,1620
2016-11-30,1900
2016-12-01,3480
2016-12-02,3550
2016-12-03,3180
2016-12-04,3350
2016-12-05,3580
2016-12-06,4160
2016-12-07,5220
2016-12-08,4660
2016-12-09,5000
2016-12-10,6040
2016-12-11,5930
2016-12-12,5100
2016-12-13,4440
2016-12-14,4030
2016-12-15,3720
2016-12-16,3420
2016-12-17,3130
2016-12-18,2990
2016-12-19,3210
2016-12-20,3550
2016-12-21,4280
2016-12-22,6090
2016-12-23,5930
2016-12-24,5690
2016-12-25,5110
2016-12-26,4720
2016-12-27,4450
2016-12-28,4290
2016-12-29,4370
2016-12-30,4200
2016-12-31,3990
2017-01-01,3880
2017-01-02,3920
2017-01-03,5140
2017-01-04,7730
2017-01-05,11600
2017-01-06,16800
2017-01-07,16500
2017-01-08,13500
2017-01-09,10500
2017-01-10,8300
2017-01-11,7780
2017-01-12,7620
2017-01-13,6870
2017-01-14,7440
2017-01-15,9030
2017-01-16,8980
2017-01-17,8810
2017-01-18,10000
2017-01-19,10100
2017-01-20,10800
2017-01-21,10700
2017-01-22,9920
2017-01-23,9910
2017-01-24,16600
2017-01-25,47400
2017-01-26,49100
2017-01-27,35000
2017-01-28,26600
2017-01-29,21700
2017-01-30,17700
2017-01-31,14900
2017-02-01,12900
2017-02-02,11200
2017-02-03,9740
2017-02-04,8600
2017-02-05,7690
2017-02-06,7000
2017-02-07,6370
2017-02-08,6080
2017-02-09,6090
2017-02-10,6450
2017-02-11,7670
2017-02-12,8320
2017-02-13,7970
2017-02-14,8790
2017-02-15,14000
2017-02-16,13700
2017-02-17,12000
2017-02-18,10400
2017-02-19,9250
2017-02-20,8120
2017-02-21,7100
2017-02-22,6590
2017-02-23,6140
2017-02-24,5650
2017-02-25,5260
2017-02-26,5110
2017-02-27,5080
2017-02-28,4830
2017-03-01,4950
2017-03-02,4770
2017-03-03,4960
2017-03-04,9680
2017-03-05,9020
2017-03-06,7640
2017-03-07,6590
2017-03-08,6170
2017-03-09,5730
2017-03-10,5820
2017-03-11,6240
2017-03-12,6050
2017-03-13,6230
2017-03-14,6500
2017-03-15,6260
2017-03-16,5810
2017-03-17,5800
2017-03-18,5850
2017-03-19,7510
2017-03-20,13400
2017-03-21,19600
2017-03-22,16700
2017-03-23,14300
2017-03-24,12600
2017-03-25,11800
2017-03-26,10800
2017-03-27,9930
2017-03-28,9490
2017-03-29,10300
2017-03-30,12300
2017-03-31,16500
2017-04-01,21100
2017-04-02,23300
2017-04-03,24200
2017-04-04,22600
2017-04-05,19900
2017-04-06,20300
2017-04-07,27000
2017-04-08,26500
2017-04-09,23000
2017-04-10,20000
2017-04-11,17200
2017-04-12,15000
2017-04-13,13100
2017-04-14,11500
2017-04-15,10100
2017-04-16,8950
2017-04-17,8200
2017-04-18,7840
2017-04-19,7540
2017-04-20,7520
2017-04-21,7380
2017-04-22,8670
2017-04-23,8590
2017-04-24,8260
2017-04-25,8450
2017-04-26,8890
2017-04-27,13200
2017-04-28,20600
2017-04-29,19100
2017-04-30,15700
2017-05-01,13600
2017-05-02,13300
2017-05-03,13300
2017-05-04,12000
2017-05-05,15200
2017-05-06,39200
2017-05-07,75700
2017-05-08,53700
2017-05-09,35700
2017-05-10,26300
2017-05-11,22300
2017-05-12,24000
2017-05-13,35400
2017-05-14,42000
2017-05-15,45000
2017-05-16,35000
2017-05-17,26700
2017-05-18,21400
2017-05-19,18400
2017-05-20,15200
2017-05-21,12300
2017-05-22,11000
2017-05-23,9960
2017-05-24,9300
2017-05-25,11100
2017-05-26,18900
2017-05-27,36700
2017-05-28,37700
2017-05-29,26900
2017-05-30,23300
2017-05-31,26200
2017-06-01,24300
2017-06-02,19300
2017-06-03,15400
2017-06-04,12600
2017-06-05,10700
2017-06-06,9580
2017-06-07,8520
2017-06-08,7790
2017-06-09,7360
2017-06-10,6780
2017-06-11,6370
2017-06-12,5790
2017-06-13,5360
2017-06-14,4960
2017-06-15,4630
2017-06-16,4320
2017-06-17,4060
2017-06-18,4100
2017-06-19,6400
2017-06-20,9550
2017-06-21,7040
2017-06-22,6070
2017-06-23,5540
2017-06-24,5260
2017-06-25,5130
2017-06-26,7080
2017-06-27,7900
2017-06-28,5980
2017-06-29,4950
2017-06-30,4190
2017-07-01,3870
2017-07-02,3910
2017-07-03,3690
2017-07-04,3360
2017-07-05,3210
2017-07-06,4940
2017-07-07,9420
2017-07-08,7870
2017-07-09,8680
2017-07-10,7130
2017-07-11,5620
2017-07-12,4640
2017-07-13,4140
2017-07-14,4070
2017-07-15,4580
2017-07-16,3790
2017-07-17,3280
2017-07-18,3460
2017-07-19,3270
2017-07-20,2890
2017-07-21,2720
2017-07-22,3040
2017-07-23,3450
2017-07-24,5140
2017-07-25,4080
2017-07-26,4240
2017-07-27,3730
2017-07-28,4790
2017-07-29,16600
2017-07-30,18000
2017-07-31,16800
2017-08-01,19900
2017-08-02,13700
2017-08-03,10300
2017-08-04,8660
2017-08-05,7340
2017-08-06,7810
2017-08-07,11500
2017-08-08,8140
2017-08-09,6700
2017-08-10,6640
2017-08-11,6620
2017-08-12,8160
2017-08-13,9150
2017-08-14,7070
2017-08-15,6170
2017-08-16,5540
2017-08-17,4740
2017-08-18,4310
2017-08-19,5090
2017-08-20,4210
2017-08-21,3740
2017-08-22,3420
2017-08-23,3220
2017-08-24,2970
2017-08-25,2950
2017-08-26,2800
2017-08-27,2680
2017-08-28,2570
2017-08-29,2630
2017-08-30,2800
2017-08-31,2790
2017-09-01,2690
2017-09-02,2860
2017-09-03,2820
2017-09-04,2600
2017-09-05,2430
2017-09-06,3920
2017-09-07,5150
2017-09-08,4700
2017-09-09,4240
2017-09-10,3570
2017-09-11,3060
2017-09-12,2800
2017-09-13,2540
2017-09-14,2490
2017-09-15,2380
2017-09-16,2270
2017-09-17,2190
2017-09-18,1940
2017-09-19,1960
2017-09-20,1950
2017-09-21,2000
2017-09-22,2090
2017-09-23,1890
2017-09-24,1760
2017-09-25,1580
2017-09-26,1500
2017-09-27,1570
2017-09-28,1450
2017-09-29,1320
2017-09-30,1350
2017-10-01,1350
2017-10-02,1280
2017-10-03,1250
2017-10-04,1300
2017-10-05,1270
2017-10-06,1420
2017-10-07,1340
2017-10-08,1330
2017-10-09,1630
2017-10-10,1810
2017-10-11,2230
2017-10-12,3040
2017-10-13,3150
2017-10-14,3710
2017-10-15,3810
2017-10-16,3410
2017-10-17,3010
2017-10-18,2710
2017-10-19,2400
2017-10-20,2050
2017-10-21,1970
2017-10-22,1890
2017-10-23,1690
2017-10-24,1920
2017-10-25,2330
2017-10-26,2260
2017-10-27,2370
2017-10-28,2440
2017-10-29,2440
2017-10-30,4160
2017-10-31,16700
2017-11-01,22300
2017-11-02,13800
2017-11-03,9590
2017-11-04,7370
2017-11-05,6680
2017-11-06,5940
2017-11-07,6090
2017-11-08,7750
2017-11-09,7020
2017-11-10,9230
2017-11-11,10000
2017-11-12,8580
2017-11-13,7580
2017-11-14,6580
2017-11-15,5520
2017-11-16,5070
2017-11-17,5060
2017-11-18,4640
2017-11-19,4180
2017-11-20,4470
2017-11-21,5850
2017-11-22,5550
2017-11-23,5020
2017-11-24,4630
2017-11-25,4340
2017-11-26,4120
2017-11-27,3900
2017-11-28,3750
2017-11-29,3600
2017-11-30,3410
2017-12-01,3300
2017-12-02,3220
2017-12-03,3120
2017-12-04,2980
2017-12-05,2980
2017-12-06,3000
2017-12-07,2890
2017-12-08,2970
2017-12-09,3050
2017-12-10,2920
2017-12-11,2630
2017-12-12,2630
2017-12-13,2600
2017-12-14,2430
2017-12-15,2430
2017-12-16,2390
2017-12-17,2290
2017-12-18,2300
2017-12-19,2310
2017-12-20,2290
2017-12-21,2240
2017-12-22,2210
2017-12-23,2270
2017-12-24,2480
2017-12-25,2570
2017-12-26,2680
2017-12-27,2800
2017-12-28,2590
2017-12-29,2680
2017-12-30,2440
2017-12-31,1760
2018-01-01,1620
2018-01-02,1600
2018-01-03,1680
2018-01-04,1870
2018-01-05,1230
2018-01-06,1320
2018-01-07,1760
2018-01-08,1920
2018-01-09,2090
2018-01-10,1970
2018-01-11,2040
2018-01-12,2400
2018-01-13,5800
2018-01-14,10900
2018-01-15,9960
2018-01-16,11500
2018-01-17,10700
2018-01-18,9990
2018-01-19,7610
2018-01-20,7060
2018-01-21,6740
2018-01-22,5980
2018-01-23,5770
2018-01-24,10100
2018-01-25,12600
2018-01-26,10600
2018-01-27,8690
2018-01-28,7640
2018-01-29,7120
2018-01-30,6750
2018-01-31,6410
2018-02-01,6040
2018-02-02,5770
2018-02-03,5610
2018-02-04,5880
2018-02-05,7590
2018-02-06,7450
2018-02-07,7650
2018-02-08,10600
2018-02-09,13200
2018-02-10,15900
2018-02-11,19800
2018-02-12,24300
2018-02-13,30300
2018-02-14,29600
2018-02-15,25200
2018-02-16,21100
2018-02-17,23600
2018-02-18,31600
2018-02-19,30600
2018-02-20,27200
2018-02-21,23700
2018-02-22,21000
2018-02-23,19100
2018-02-24,18900
2018-02-25,19800
2018-02-26,28600
2018-02-27,39500
2018-02-28,34100
2018-03-01,27200
2018-03-02,22900
2018-03-03,23700
2018-03-04,21300
2018-03-05,18400
2018-03-06,15600
2018-03-07,14000
2018-03-08,12900
2018-03-09,12000
2018-03-10,11100
2018-03-11,10100
2018-03-12,9000
2018-03-13,8260
2018-03-14,7760
2018-03-15,7240
2018-03-16,6800
2018-03-17,6540
2018-03-18,6180
2018-03-19,5770
2018-03-20,5910
2018-03-21,6540
2018-03-22,6670
2018-03-23,6990
2018-03-24,7370
2018-03-25,8760
2018-03-26,10200
2018-03-27,11400
2018-03-28,12400
2018-03-29,13000
2018-03-30,16000
2018-03-31,22600
2018-04-01,23200
2018-04-02,19700
2018-04-03,18000
2018-04-04,22100
2018-04-05,33300
2018-04-06,30700
2018-04-07,24400
2018-04-08,19400
2018-04-09,16000
2018-04-10,14100
2018-04-11,12500
2018-04-12,11300
2018-04-13,10100
2018-04-14,9240
2018-04-15,8510
2018-04-16,17800
2018-04-17,40100
2018-04-18,73200
2018-04-19,52300
2018-04-20,35700
2018-04-21,27500
2018-04-22,22300
2018-04-23,18000
2018-04-24,15800
2018-04-25,15900
2018-04-26,16900
2018-04-27,21700
2018-04-28,25000
2018-04-29,22200
2018-04-30,19600
2018-05-01,16600
2018-05-02,14300
2018-05-03,12900
2018-05-04,11800
2018-05-05,10700
2018-05-06,10000
2018-05-07,10900
2018-05-08,21100
2018-05-09,23800
2018-05-10,19000
2018-05-11,15800
2018-05-12,13100
2018-05-13,11900
2018-05-14,12000
2018-05-15,24000
2018-05-16,50000
2018-05-17,56900
2018-05-18,71600
2018-05-19,101000
2018-05-20,109000
2018-05-21,88600
2018-05-22,59800
2018-05-23,47300
2018-05-24,45500
2018-05-25,33900
2018-05-26,26400
2018-05-27,22000
2018-05-28,21100
2018-05-29,21100
2018-05-30,23900
2018-05-31,19800
2018-06-01,22500
2018-06-02,32000
2018-06-03,59300
2018-06-04,126000
2018-06-05,148000
2018-06-06,67700
2018-06-07,44100
2018-06-08,32500
2018-06-09,25500
2018-06-10,21400
2018-06-11,22300
2018-06-12,36900
2018-06-13,43200
2018-06-14,35700
2018-06-15,27200
2018-06-16,22300
2018-06-17,17900
2018-06-18,14800
2018-06-19,13300
2018-06-20,12400
2018-06-21,12500
2018-06-22,18800
2018-06-23,37700
2018-06-24,74800
2018-06-25,58200
2018-06-26,38900
2018-06-27,27800
2018-06-28,21700
2018-06-29,18300
2018-06-30,17400
2018-07-01,15900
2018-07-02,13100
2018-07-03,10600
2018-07-04,9710
2018-07-05,9040
2018-07-06,10400
2018-07-07,11900
2018-07-08,10700
2018-07-09,10000
2018-07-10,9000
2018-07-11,7780
2018-07-12,6640
2018-07-13,5950
2018-07-14,5610
2018-07-15,5320
2018-07-16,5200
2018-07-17,5540
2018-07-18,5610
2018-07-19,5300
2018-07-20,5150
2018-07-21,8800
2018-07-22,35800
2018-07-23,32800
2018-07-24,26900
2018-07-25,28500
2018-07-26,33900
2018-07-27,32000
2018-07-28,26000
2018-07-29,18300
2018-07-30,13800
2018-07-31,14800
2018-08-01,21900
2018-08-02,24300
2018-08-03,35300
2018-08-04,53300
2018-08-05,62100
2018-08-06,41000
2018-08-07,29100
2018-08-08,23000
2018-08-09,20800
2018-08-10,21600
2018-08-11,17700
2018-08-12,15100
2018-08-13,15800
2018-08-14,15000
2018-08-15,15300
2018-08-16,15200
2018-08-17,13100
2018-08-18,11800
2018-08-19,11300
2018-08-20,13500
2018-08-21,13300
2018-08-22,26800
2018-08-23,35800
2018-08-24,24800
2018-08-25,18000
2018-08-26,14200
2018-08-27,11700
2018-08-28,10300
2018-08-29,9580
2018-08-30,8610
2018-08-31,8060
2018-09-01,10100
2018-09-02,12700
2018-09-03,11600
2018-09-04,11800
2018-09-05,9900
2018-09-06,8590
2018-09-07,7900
2018-09-08,9610
2018-09-09,18000
2018-09-10,69100
2018-09-11,130000
2018-09-12,88900
2018-09-13,54300
2018-09-14,48600
2018-09-15,40300
2018-09-16,30200
2018-09-17,25500
2018-09-18,28700
2018-09-19,61000
2018-09-20,61600
2018-09-21,41000
2018-09-22,31800
2018-09-23,27200
2018-09-24,26100
2018-09-25,35100
2018-09-26,53100
2018-09-27,80500
2018-09-28,94300
2018-09-29,132000
2018-09-30,108000
2018-10-01,61600
2018-10-02,44000
2018-10-03,34600
2018-10-04,28400
2018-10-05,25000
2018-10-06,22600
2018-10-07,19800
2018-10-08,18000
2018-10-09,16400
2018-10-10,15200
2018-10-11,14500
2018-10-12,15400
2018-10-13,17100
2018-10-14,20900
2018-10-15,18500
2018-10-16,16000
2018-10-17,14300
2018-10-18,12900
2018-10-19,11700
2018-10-20,11000
2018-10-21,10300
2018-10-22,9580
2018-10-23,9290
2018-10-24,8990
2018-10-25,8630
2018-10-26,8280
2018-10-27,10600
2018-10-28,12800
2018-10-29,13100
2018-10-30,13400
2018-10-31,13200
2018-11-01,13400
2018-11-02,13500
2018-11-03,25800
2018-11-04,26000
2018-11-05,23100
2018-11-06,35800
2018-11-07,48300
2018-11-08,37700
2018-11-09,32000
2018-11-10,35100
2018-11-11,51000
2018-11-12,39200
2018-11-13,36800
2018-11-14,38000
2018-11-15,40700
2018-11-16,47000
2018-11-17,49900
2018-11-18,50800
2018-11-19,48700
2018-11-20,44600
2018-11-21,43300
2018-11-22,44500
2018-11-23,38800
2018-11-24,35600
2018-11-25,55000
2018-11-26,59300
2018-11-27,52100
2018-11-28,42900
2018-11-29,34600
2018-11-30,29200
2018-12-01,26600
2018-12-02,26100
2018-12-03,27300
2018-12-04,26800
2018-12-05,23100
2018-12-06,20300
2018-12-07,18500
2018-12-08,16900
2018-12-09,15600
2018-12-10,14900
2018-12-11,14800
2018-12-12,13700
2018-12-13,12500
2018-12-14,12000
2018-12-15,18700
2018-12-16,67400
2018-12-17,143000
2018-12-18,101000
2018-12-19,60300
2018-12-20,44500
2018-12-21,41900
2018-12-22,60400
2018-12-23,86300
2018-12-24,68100
2018-12-25,48700
2018-12-26,38900
2018-12-27,32000
2018-12-28,32300
2018-12-29,43100
2018-12-30,47600
2018-12-31,43100
2019-01-01,43400
2019-01-02,44100
2019-01-03,38800
2019-01-04,32900
2019-01-05,29300
2019-01-06,28100
2019-01-07,27900
2019-01-08,27000
2019-01-09,24500
2019-01-10,22900
2019-01-11,21300
2019-01-12,19400
2019-01-13,19100
2019-01-14,18600
2019-01-15,17600
2019-01-16,16700
2019-01-17,15500
2019-01-18,14600
2019-01-19,14600
2019-01-20,27700
2019-01-21,42100
2019-01-22,51300
2019-01-23,37100
2019-01-24,35600
2019-01-25,50900
2019-01-26,57900
2019-01-27,48200
2019-01-28,38400
2019-01-29,32100
2019-01-30,27300
2019-01-31,23600
2019-02-01,19900
2019-02-02,17000
2019-02-03,15600
2019-02-04,16000
2019-02-05,17000
2019-02-06,17000
2019-02-07,17700
2019-02-08,21300
2019-02-09,27400
2019-02-10,29500
2019-02-11,24800
2019-02-12,26400
2019-02-13,34000
2019-02-14,43700
2019-02-15,41400
2019-02-16,35300
2019-02-17,33000
2019-02-18,30100
2019-02-19,26400
2019-02-20,23600
2019-02-21,23100
2019-02-22,25400
2019-02-23,33100
2019-02-24,52500
2019-02-25,62600
2019-02-26,72800
2019-02-27,55100
2019-02-28,41500
2019-03-01,33200
2019-03-02,32600
2019-03-03,31300
2019-03-04,35300
2019-03-05,34400
2019-03-06,34200
2019-03-07,28800
2019-03-08,25300
2019-03-09,23200
2019-03-10,23800
2019-03-11,33800
2019-03-12,41300
2019-03-13,38100
2019-03-14,33200
2019-03-15,29100
2019-03-16,26600
2019-03-17,25300
2019-03-18,23100
2019-03-19,20500
2019-03-20,18500
2019-03-21,24800
2019-03-22,63400
2019-03-23,64700
2019-03-24,43900
2019-03-25,33000
2019-03-26,28100
2019-03-27,25400
2019-03-28,22900
2019-03-29,20800
2019-03-30,19300
2019-03-31,18400
2019-04-01,17100
2019-04-02,15600
2019-04-03,14800
2019-04-04,13800
2019-04-05,13200
2019-04-06,13200
2019-04-07,13300
2019-04-08,14200
2019-04-09,13800
2019-04-10,13400
2019-04-11,12900
2019-04-12,12600
2019-04-13,14000
2019-04-14,16500
2019-04-15,25000
2019-04-16,34600
2019-04-17,36100
2019-04-18,29100
2019-04-19,24600
2019-04-20,31400
2019-04-21,48500
2019-04-22,48300
2019-04-23,36700
2019-04-24,29000
2019-04-25,24500
2019-04-26,22000
2019-04-27,20400
2019-04-28,19100
2019-04-29,18800
2019-04-30,18600
2019-05-01,17100
2019-05-02,16300
2019-05-03,15300
2019-05-04,16300
2019-05-05,29900
2019-05-06,64000
2019-05-07,67400
2019-05-08,44700
2019-05-09,33200
2019-05-10,27000
2019-05-11,28700
2019-05-12,24900
2019-05-13,33800
2019-05-14,49800
2019-05-15,49500
2019-05-16,42700
2019-05-17,34400
2019-05-18,28100
2019-05-19,23300
2019-05-20,20200
2019-05-21,20900
2019-05-22,17700
2019-05-23,16000
2019-05-24,14900
2019-05-25,12900
2019-05-26,11800
2019-05-27,11800
2019-05-28,12800
2019-05-29,11600
2019-05-30,10900
2019-05-31,11100
2019-06-01,10600
2019-06-02,9920
2019-06-03,9880
2019-06-04,10200
2019-06-05,9360
2019-06-06,8510
2019-06-07,7790
2019-06-08,7230
2019-06-09,7120
2019-06-10,7120
2019-06-11,6990
2019-06-12,6810
2019-06-13,8460
2019-06-14,10600
2019-06-15,9820
2019-06-16,7740
2019-06-17,6900
2019-06-18,6730
2019-06-19,6360
2019-06-20,6420
2019-06-21,6220
2019-06-22,5880
2019-06-23,7010
2019-06-24,6220
2019-06-25,5960
2019-06-26,5720
2019-06-27,5840
2019-06-28,6570
2019-06-29,6220
2019-06-30,5970
2019-07-01,5580
2019-07-02,5510
2019-07-03,8650
2019-07-04,9820
2019-07-05,8580
2019-07-06,7050
2019-07-07,8970
2019-07-08,26400
2019-07-09,24800
2019-07-10,15300
2019-07-11,12300
2019-07-12,11100
2019-07-13,10100
2019-07-14,9690
2019-07-15,9120
2019-07-16,7710
2019-07-17,6540
2019-07-18,6330
2019-07-19,5760
2019-07-20,5500
2019-07-21,5470
2019-07-22,5600
2019-07-23,7090
2019-07-24,11300
2019-07-25,7640
2019-07-26,7250
2019-07-27,7150
2019-07-28,5980
2019-07-29,5020
2019-07-30,4540
2019-07-31,4120
2019-08-01,3980
2019-08-02,4070
2019-08-03,3830
2019-08-04,4680
2019-08-05,4360
2019-08-06,5110
2019-08-07,5850
2019-08-08,5570
2019-08-09,4080
2019-08-10,3650
2019-08-11,3250
2019-08-12,3030
2019-08-13,2880
2019-08-14,2880
2019-08-15,3190
2019-08-16,3980
2019-08-17,3560
2019-08-18,3400
2019-08-19,3420
2019-08-20,4140
2019-08-21,3900
2019-08-22,3510
2019-08-23,3440
2019-08-24,3580
2019-08-25,3690
2019-08-26,3430
2019-08-27,3060
2019-08-28,3380
2019-08-29,4020
2019-08-30,3390
2019-08-31,3010
2019-09-01,2660
2019-09-02,2550
2019-09-03,2520
2019-09-04,2570
2019-09-05,2810
2019-09-06,2850
2019-09-07,2540
2019-09-08,2350
2019-09-09,2190
2019-09-10,2080
2019-09-11,2030
2019-09-12,1980
2019-09-13,1940
2019-09-14,2010
2019-09-15,2050
2019-09-16,1910
2019-09-17,1790
2019-09-18,1890
2019-09-19,2080
2019-09-20,2180
2019-09-21,1810
2019-09-22,1740
2019-09-23,1610
2019-09-24,1640
2019-09-25,1650
2019-09-26,1660
2019-09-27,1610
2019-09-28,1570
2019-09-29,1550
2019-09-30,1510
2019-10-01,1730
2019-10-02,1690
2019-10-03,1850
2019-10-04,1930
2019-10-05,1660
2019-10-06,1660
2019-10-07,1640
2019-10-08,1670
2019-10-09,1800
2019-10-10,1960
2019-10-11,2030
2019-10-12,1930
2019-10-13,1940
2019-10-14,1850
2019-10-15,1920
2019-10-16,2400
2019-10-17,2750
2019-10-18,2280
2019-10-19,2200
2019-10-20,2750
2019-10-21,2860
2019-10-22,2480
2019-10-23,2720
2019-10-24,2540
2019-10-25,2910
2019-10-26,2920
2019-10-27,4000
2019-10-28,4970
2019-10-29,5370
2019-10-30,4260
2019-10-31,4680
2019-11-01,17500
2019-11-02,15900
2019-11-03,9630
2019-11-04,8920
2019-11-05,8050
2019-11-06,6230
2019-11-07,5170
2019-11-08,4490
2019-11-09,4040
2019-11-10,3690
2019-11-11,3410
2019-11-12,3340
2019-11-13,3150
2019-11-14,3030
2019-11-15,2920
2019-11-16,2890
2019-11-17,2740
2019-11-18,2570
2019-11-19,2640
2019-11-20,2630
2019-11-21,2540
2019-11-22,2560
2019-11-23,2580
2019-11-24,4100
2019-11-25,3480
2019-11-26,3920
2019-11-27,3470
2019-11-28,3200
2019-11-29,3030
2019-11-30,2900
2019-12-01,2910
2019-12-02,3110
2019-12-03,3790
2019-12-04,3840
2019-12-05,3670
2019-12-06,3470
2019-12-07,3410
2019-12-08,3150
2019-12-09,3100
2019-12-10,4010
2019-12-11,4650
2019-12-12,4760
2019-12-13,4430
2019-12-14,4790
2019-12-15,6150
2019-12-16,7680
2019-12-17,8660
2019-12-18,15200
2019-12-19,16300
2019-12-20,16700
2019-12-21,13100
2019-12-22,10300
2019-12-23,8760
2019-12-24,7720
2019-12-25,6990
2019-12-26,6510
2019-12-27,6000
2019-12-28,5720
2019-12-29,5570
2019-12-30,6180
2019-12-31,7930
2020-01-01,7610
2020-01-02,6730
2020-01-03,6350
2020-01-04,6390
2020-01-05,6900
2020-01-06,6450
2020-01-07,6190
2020-01-08,6130
2020-01-09,5870
2020-01-10,5600
2020-01-11,5320
2020-01-12,5780
2020-01-13,10100
2020-01-14,10900
2020-01-15,13400
2020-01-16,13000
2020-01-17,11700
2020-01-18,10400
2020-01-19,9780
2020-01-20,9140
2020-01-21,8650
2020-01-22,8630
2020-01-23,8030
2020-01-24,7470
2020-01-25,15000
2020-01-26,30400
2020-01-27,44300
2020-01-28,36000
2020-01-29,26300
2020-01-30,20500
2020-01-31,16700
2020-02-01,14100
2020-02-02,12200
2020-02-03,11100
2020-02-04,10300
2020-02-05,9540
2020-02-06,9610
2020-02-07,13200
2020-02-08,20600
2020-02-09,26300
2020-02-10,29700
2020-02-11,25000
2020-02-12,21300
2020-02-13,19200
2020-02-14,19400
2020-02-15,18700
2020-02-16,18000
2020-02-17,16500
2020-02-18,14900
2020-02-19,13500
2020-02-20,12200
2020-02-21,11200
2020-02-22,10300
2020-02-23,9480
2020-02-24,8670
2020-02-25,8110
2020-02-26,7830
2020-02-27,10100
2020-02-28,10400
2020-02-29,9620
2020-03-01,9420
2020-03-02,8690
2020-03-03,8240
2020-03-04,7970
2020-03-05,8030
2020-03-06,7930
2020-03-07,7970
2020-03-08,7950
2020-03-09,7530
2020-03-10,7180
2020-03-11,6850
2020-03-12,6680
2020-03-13,6760
2020-03-14,6680
2020-03-15,6770
2020-03-16,6800
2020-03-17,6600
2020-03-18,6670
2020-03-19,7610
2020-03-20,8300
2020-03-21,9850
2020-03-22,11400
2020-03-23,11000
2020-03-24,10100
2020-03-25,9600
2020-03-26,9590
2020-03-27,10400
2020-03-28,12900
2020-03-29,14500
2020-03-30,16400
2020-03-31,16900
2020-04-01,15100
2020-04-02,13600
2020-04-03,12600
2020-04-04,11800
2020-04-05,10900
2020-04-06,9950
2020-04-07,9170
2020-04-08,8800
2020-04-09,8660
2020-04-10,8720
2020-04-11,9810
2020-04-12,12300
2020-04-13,19300
2020-04-14,21600
2020-04-15,26600
2020-04-16,32900
2020-04-17,27600
2020-04-18,22500
2020-04-19,19000
2020-04-20,17300
2020-04-21,16000
2020-04-22,14500
2020-04-23,13100
2020-04-24,13100
2020-04-25,12400
2020-04-26,13200
2020-04-27,15400
2020-04-28,19100
2020-04-29,27700
2020-04-30,30000
2020-05-01,53500
2020-05-02,81800
2020-05-03,55900
2020-05-04,41500
2020-05-05,33800
2020-05-06,33500
2020-05-07,30300
2020-05-08,26000
2020-05-09,23000
2020-05-10,21400
2020-05-11,19100
2020-05-12,16900
2020-05-13,14900
2020-05-14,13700
2020-05-15,12600
2020-05-16,11500
2020-05-17,10600
2020-05-18,9840
2020-05-19,8880
2020-05-20,8460
2020-05-21,8090
2020-05-22,8050
2020-05-23,8750
2020-05-24,9880
2020-05-25,12600
2020-05-26,15200
2020-05-27,13100
2020-05-28,11700
2020-05-29,10500
2020-05-30,10000
2020-05-31,10500
2020-06-01,11000
2020-06-02,10200
2020-06-03,8930
2020-06-04,7790
2020-06-05,9800
2020-06-06,12900
2020-06-07,13800
2020-06-08,12500
2020-06-09,12200
2020-06-10,9750
2020-06-11,11700
2020-06-12,8780
2020-06-13,8060
2020-06-14,7300
2020-06-15,6100
2020-06-16,5380
2020-06-17,5110
2020-06-18,5370
2020-06-19,5220
2020-06-20,5990
2020-06-21,10400
2020-06-22,18100
2020-06-23,17100
2020-06-24,16200
2020-06-25,13200
2020-06-26,11300
2020-06-27,8960
2020-06-28,7580
2020-06-29,6260
2020-06-30,5440
2020-07-01,5010
2020-07-02,4740
2020-07-03,4250
2020-07-04,3920
2020-07-05,3590
2020-07-06,3760
2020-07-07,4640
2020-07-08,3710
2020-07-09,3220
2020-07-10,3150
2020-07-11,3150
2020-07-12,3240
2020-07-13,3090
2020-07-14,2840
2020-07-15,2840
2020-07-16,2830
2020-07-17,2720
2020-07-18,2360
2020-07-19,2290
2020-07-20,2410
2020-07-21,2690
2020-07-22,3370
2020-07-23,3630
2020-07-24,3940
2020-07-25,4100
2020-07-26,3830
2020-07-27,4160
2020-07-28,4100
2020-07-29,3540
2020-07-30,2850
2020-07-31,3070
2020-08-01,2860
2020-08-02,2440
2020-08-03,2530
2020-08-04,7970
2020-08-05,6580
2020-08-06,6080
2020-08-07,8810
2020-08-08,6520
2020-08-09,6020
2020-08-10,5730
2020-08-11,5060
2020-08-12,6970
2020-08-13,9390
2020-08-14,5430
2020-08-15,4440
2020-08-16,6360
2020-08-17,6240
2020-08-18,8460
2020-08-19,10900
2020-08-20,9980
2020-08-21,7670
2020-08-22,6780
2020-08-23,5960
2020-08-24,4810
2020-08-25,4660
2020-08-26,5620
2020-08-27,5070
2020-08-28,4840
2020-08-29,5690
2020-08-30,4890
2020-08-31,4630
2020-09-01,5510
2020-09-02,5890
2020-09-03,10300
2020-09-04,12800
2020-09-05,9770
2020-09-06,7770
2020-09-07,6640
2020-09-08,5620
2020-09-09,4770
2020-09-10,5880
2020-09-11,5030
2020-09-12,5960
2020-09-13,4650
2020-09-14,3960
2020-09-15,3500
2020-09-16,3300
2020-09-17,2970
2020-09-18,2870
2020-09-19,2760
2020-09-20,2570
2020-09-21,2410
2020-09-22,2420
2020-09-23,2470
2020-09-24,2420
2020-09-25,2520
2020-09-26,2480
2020-09-27,2380
2020-09-28,2260
2020-09-29,2300
2020-09-30,2550
2020-10-01,3060
2020-10-02,3420
2020-10-03,3480
2020-10-04,3770
2020-10-05,3790
2020-10-06,3330
2020-10-07,3060
2020-10-08,2710
2020-10-09,2490
2020-10-10,2370
2020-10-11,2310
2020-10-12,3010
2020-10-13,3600
2020-10-14,3910
2020-10-15,4020
2020-10-16,3810
2020-10-17,3640
2020-10-18,3340
2020-10-19,3000
2020-10-20,2880
2020-10-21,2810
2020-10-22,2570
2020-10-23,2480
2020-10-24,2430
2020-10-25,2410
2020-10-26,2340
2020-10-27,2330
2020-10-28,2390
2020-10-29,4330
2020-10-30,5380
2020-10-31,4660
2020-11-01,6890
2020-11-02,9710
2020-11-03,7710
2020-11-04,6300
2020-11-05,5450
2020-11-06,4860
2020-11-07,4400
2020-11-08,4030
2020-11-09,3700
2020-11-10,3580
2020-11-11,3880
2020-11-12,7940
2020-11-13,7190
2020-11-14,9800
2020-11-15,17100
2020-11-16,13200
2020-11-17,10400
2020-11-18,8660
2020-11-19,7230
2020-11-20,6330
2020-11-21,5640
2020-11-22,5130
2020-11-23,4670
2020-11-24,4570
2020-11-25,4370
2020-11-26,4230
2020-11-27,4100
2020-11-28,3980
2020-11-29,3790
2020-11-30,5760
2020-12-01,8490
2020-12-02,8140
2020-12-03,11900
2020-12-04,12600
2020-12-05,14200
2020-12-06,12200
2020-12-07,11000
2020-12-08,11100
2020-12-09,10200
2020-12-10,9120
2020-12-11,8340
2020-12-12,7540
2020-12-13,6720
2020-12-14,8400
2020-12-15,10400
2020-12-16,10500
2020-12-17,16800
2020-12-18,14400
2020-12-19,12300
2020-12-20,10900
2020-12-21,10300
2020-12-22,10200
2020-12-23,11400
2020-12-24,16400
2020-12-25,52600
2020-12-26,76800
2020-12-27,63400
2020-12-28,40300
2020-12-29,29200
2020-12-30,23200
2020-12-31,19400
2021-01-01,16900
2021-01-02,23400
2021-01-03,25700
2021-01-04,31900
2021-01-05,31500
2021-01-06,26900
2021-01-07,22800
2021-01-08,19500
2021-01-09,17100
2021-01-10,15100
2021-01-11,13500
2021-01-12,12300
2021-01-13,11300
2021-01-14,10500
2021-01-15,9760
2021-01-16,9290
2021-01-17,8880
2021-01-18,8510
2021-01-19,8190
2021-01-20,7780
2021-01-21,7290
2021-01-22,6810
2021-01-23,6500
2021-01-24,6160
2021-01-25,5930
2021-01-26,5820
2021-01-27,5830
2021-01-28,5740
2021-01-29,5850
2021-01-30,5980
2021-01-31,6220
2021-02-01,6420
2021-02-02,6370
2021-02-03,6280
2021-02-04,6350
2021-02-05,6360
2021-02-06,6500
2021-02-07,6920
2021-02-08,7620
2021-02-09,7520
2021-02-10,7550
2021-02-11,8110
2021-02-12,7970
2021-02-13,7860
2021-02-14,7930
2021-02-15,8160
2021-02-16,12100
2021-02-17,13400
2021-02-18,17600
2021-02-19,20500
2021-02-20,19000
2021-02-21,16200
2021-02-22,14700
2021-02-23,14200
2021-02-24,14700
2021-02-25,19000
2021-02-26,30900
2021-02-27,36700
2021-02-28,35800
2021-03-01,50300
2021-03-02,89700
2021-03-03,81000
2021-03-04,54900
2021-03-05,40600
2021-03-06,32000
2021-03-07,26300
2021-03-08,22200
2021-03-09,19300
2021-03-10,17000
2021-03-11,15400
2021-03-12,14000
2021-03-13,12900
2021-03-14,12200
2021-03-15,11300
2021-03-16,10700
2021-03-17,10200
2021-03-18,10100
2021-03-19,10900
2021-03-20,11900
2021-03-21,12100
2021-03-22,11700
2021-03-23,11000
2021-03-24,11300
2021-03-25,10900
2021-03-26,10600
2021-03-27,9870
2021-03-28,9790
2021-03-29,9610
2021-03-30,9860
2021-03-31,10400
2021-04-01,12500
2021-04-02,13200
2021-04-03,15600
2021-04-04,15900
2021-04-05,14300
2021-04-06,12900
2021-04-07,11900
2021-04-08,11000
2021-04-09,11100
2021-04-10,10900
2021-04-11,10900
2021-04-12,18900
2021-04-13,44800
2021-04-14,37900
2021-04-15,28700
2021-04-16,23600
2021-04-17,20600
2021-04-18,18700
2021-04-19,16600
2021-04-20,15400
2021-04-21,13800
2021-04-22,11900
2021-04-23,10900
2021-04-24,10000
2021-04-25,10400
2021-04-26,9970
2021-04-27,9800
2021-04-28,10500
2021-04-29,10200
2021-04-30,9500
2021-05-01,8790
2021-05-02,8390
2021-05-03,8020
2021-05-04,9040
2021-05-05,11100
2021-05-06,11300
2021-05-07,15600
2021-05-08,15400
2021-05-09,13800
2021-05-10,12400
2021-05-11,10600
2021-05-12,9650
2021-05-13,8940
2021-05-14,8230
2021-05-15,7650
2021-05-16,7110
2021-05-17,6640
2021-05-18,6240
2021-05-19,6070
2021-05-20,5850
2021-05-21,5310
2021-05-22,4960
2021-05-23,4620
2021-05-24,4430
2021-05-25,4650
2021-05-26,4560
2021-05-27,4950
2021-05-28,5110
2021-05-29,5880
2021-05-30,6030
2021-05-31,6010
2021-06-01,6190
2021-06-02,6140
2021-06-03,5580
2021-06-04,5700
2021-06-05,5450
2021-06-06,5070
2021-06-07,4460
2021-06-08,4120
2021-06-09,4000
2021-06-10,3810
2021-06-11,5810
2021-06-12,14200
2021-06-13,13500
2021-06-14,14300
2021-06-15,13500
2021-06-16,10700
2021-06-17,10000
2021-06-18,9210
2021-06-19,8430
2021-06-20,7030
2021-06-21,6060
2021-06-22,6100
2021-06-23,6060
2021-06-24,5850
2021-06-25,5300
2021-06-26,4840
2021-06-27,4370
2021-06-28,3940
2021-06-29,3500
2021-06-30,3290
2021-07-01,3510
2021-07-02,4610
2021-07-03,4080
2021-07-04,3830
2021-07-05,3550
2021-07-06,3330
2021-07-07,3160
2021-07-08,3440
2021-07-09,3730
2021-07-10,3540
2021-07-11,3040
2021-07-12,2890
2021-07-13,2830
2021-07-14,3570
2021-07-15,3920
2021-07-16,3190
2021-07-17,3180
2021-07-18,3340
2021-07-19,2950
2021-07-20,3210
2021-07-21,3240
2021-07-22,2740
2021-07-23,2480
2021-07-24,2420
2021-07-25,2200
2021-07-26,1990
2021-07-27,1910
2021-07-28,2130
2021-07-29,1970
2021-07-30,1920
2021-07-31,1780
2021-08-01,1850
2021-08-02,1930
2021-08-03,1860
2021-08-04,1660
2021-08-05,1540
2021-08-06,1440
2021-08-07,1420
2021-08-08,1470
2021-08-09,1470
2021-08-10,1410
2021-08-11,1950
2021-08-12,1810
2021-08-13,1920
2021-08-14,2410
2021-08-15,2240
2021-08-16,2360
2021-08-17,3310
2021-08-18,3710
2021-08-19,3930
2021-08-20,5950
2021-08-21,5560
2021-08-22,5000
2021-08-23,3910
2021-08-24,3400
2021-08-25,3130
2021-08-26,3800
2021-08-27,3400
2021-08-28,3020
2021-08-29,2570
2021-08-30,2760
2021-08-31,3010
2021-09-01,9130
2021-09-02,30800
2021-09-03,74300
2021-09-04,33900
2021-09-05,18700
2021-09-06,12800
2021-09-07,9700
2021-09-08,7730
2021-09-09,8560
2021-09-10,12200
2021-09-11,9850
2021-09-12,7100
2021-09-13,5650
2021-09-14,5090
2021-09-15,4520
2021-09-16,4650
2021-09-17,7020
2021-09-18,7050
2021-09-19,5030
2021-09-20,4300
2021-09-21,3910
2021-09-22,3760
2021-09-23,13100
2021-09-24,38500
2021-09-25,37500
2021-09-26,24700
2021-09-27,16400
2021-09-28,12300
2021-09-29,9800
2021-09-30,8130
2021-10-01,6900
2021-10-02,6100
2021-10-03,5500
2021-10-04,5000
2021-10-05,4730
2021-10-06,4620
2021-10-07,4650
2021-10-08,4320
2021-10-09,4250
2021-10-10,4970
2021-10-11,4840
2021-10-12,4760
2021-10-13,4470
2021-10-14,4260
2021-10-15,4010
2021-10-16,3730
2021-10-17,3870
2021-10-18,3570
2021-10-19,3420
2021-10-20,3320
2021-10-21,3160
2021-10-22,3040
2021-10-23,2930
2021-10-24,2880
2021-10-25,3450
2021-10-26,5530
2021-10-27,3890
2021-10-28,3500
2021-10-29,4610
2021-10-30,8780
2021-10-31,11500
2021-11-01,10000
2021-11-02,14200
2021-11-03,13300
2021-11-04,10600
2021-11-05,8670
2021-11-06,7410
2021-11-07,6420
2021-11-08,5730
2021-11-09,5290
2021-11-10,4990
2021-11-11,4670
2021-11-12,4870
2021-11-13,5260
2021-11-14,9370
2021-11-15,9810
2021-11-16,9000
2021-11-17,7700
2021-11-18,6750
2021-11-19,6160
2021-11-20,5650
2021-11-21,5250
2021-11-22,4940
2021-11-23,4710
2021-11-24,4550
2021-11-25,4410
2021-11-26,4270
2021-11-27,4030
2021-11-28,3940
2021-11-29,3780
2021-11-30,3700
2021-12-01,3660
2021-12-02,3560
2021-12-03,3500
2021-12-04,3430
2021-12-05,3370
2021-12-06,3210
2021-12-07,3210
2021-12-08,3190
2021-12-09,3110
2021-12-10,3030
2021-12-11,3010
2021-12-12,3040
2021-12-13,2900
2021-12-14,2930
2021-12-15,2910
2021-12-16,2840
2021-12-17,2780
2021-12-18,2800
2021-12-19,2710
2021-12-20,2670
2021-12-21,2690
2021-12-22,2770
2021-12-23,2640
2021-12-24,2600
2021-12-25,2610
2021-12-26,2720
2021-12-27,2690
2021-12-28,2660
2021-12-29,2780
2021-12-30,2870
2021-12-31,3090
2022-01-01,3370
2022-01-02,5320
2022-01-03,7380
2022-01-04,13800
2022-01-05,13600
2022-01-06,12000
2022-01-07,10800
2022-01-08,9440
2022-01-09,8130
2022-01-10,7930
2022-01-11,7240
2022-01-12,6950
2022-01-13,7650
2022-01-14,8310
2022-01-15,8070
2022-01-16,7340
2022-01-17,6480
2022-01-18,6350
2022-01-19,6990
2022-01-20,7540
2022-01-21,7860
2022-01-22,8010
2022-01-23,7450
2022-01-24,7740
2022-01-25,7680
2022-01-26,7390
2022-01-27,6520
2022-01-28,6190
2022-01-29,5740
2022-01-30,5010
2022-01-31,4350
2022-02-01,4810
2022-02-02,4950
2022-02-03,5000
2022-02-04,7990
2022-02-05,21000
2022-02-06,39600
2022-02-07,35300
2022-02-08,25300
2022-02-09,19600
2022-02-10,16100
2022-02-11,13700
2022-02-12,12300
2022-02-13,11300
2022-02-14,10400
2022-02-15,9750
2022-02-16,9060
2022-02-17,8370
2022-02-18,7880
2022-02-19,8760
2022-02-20,14500
2022-02-21,15600
2022-02-22,13800
2022-02-23,12200
2022-02-24,11200
2022-02-25,11900
2022-02-26,12400
2022-02-27,15500
2022-02-28,19200
2022-03-01,17500
2022-03-02,15200
2022-03-03,13500
2022-03-04,11900
2022-03-05,10700
2022-03-06,9760
2022-03-07,8880
2022-03-08,8250
2022-03-09,8170
2022-03-10,8330
2022-03-11,8790
2022-03-12,9860
2022-03-13,10000
2022-03-14,9640
2022-03-15,9530
2022-03-16,9680
2022-03-17,9690
2022-03-18,9630
2022-03-19,9530
2022-03-20,9500
2022-03-21,9690
2022-03-22,9020
2022-03-23,8530
2022-03-24,8500
2022-03-25,8570
2022-03-26,8420
2022-03-27,8400
2022-03-28,8880
2022-03-29,8410
2022-03-30,7850
2022-03-31,7580
2022-04-01,8040
2022-04-02,8850
2022-04-03,10300
2022-04-04,11800
2022-04-05,11200
2022-04-06,13800
2022-04-07,15800
2022-04-08,36700
2022-04-09,46500
2022-04-10,40700
2022-04-11,31400
2022-04-12,25100
2022-04-13,20500
2022-04-14,17300
2022-04-15,15000
2022-04-16,13200
2022-04-17,11700
2022-04-18,10600
2022-04-19,11200
2022-04-20,12200
2022-04-21,12400
2022-04-22,13400
2022-04-23,13100
2022-04-24,12900
2022-04-25,12800
2022-04-26,12200
2022-04-27,11400
2022-04-28,10100
2022-04-29,9410
2022-04-30,9100
2022-05-01,8490
2022-05-02,8180
2022-05-03,8040
2022-05-04,10700
2022-05-05,11900
2022-05-06,20300
2022-05-07,44800
2022-05-08,98000
2022-05-09,102000
2022-05-10,61200
2022-05-11,41400
2022-05-12,31300
2022-05-13,25100
2022-05-14,20800
2022-05-15,17900
2022-05-16,16800
2022-05-17,16600
2022-05-18,15900
2022-05-19,14700
2022-05-20,13800
2022-05-21,12600
2022-05-22,11900
2022-05-23,14500
2022-05-24,11500
2022-05-25,10100
2022-05-26,9080
2022-05-27,8820
2022-05-28,11300
2022-05-29,11300
2022-05-30,12900
2022-05-31,12900
2022-06-01,11200
2022-06-02,10200
2022-06-03,9680
2022-06-04,8250
2022-06-05,7250
2022-06-06,6470
2022-06-07,5900
2022-06-08,5760
2022-06-09,6620
2022-06-10,5580
2022-06-11,5220
2022-06-12,5770
2022-06-13,5780
2022-06-14,5600
2022-06-15,5210
2022-06-16,4980
2022-06-17,5170
2022-06-18,4730
2022-06-19,4150
2022-06-20,3720
2022-06-21,3410
2022-06-22,3410
2022-06-23,4950
2022-06-24,4720
2022-06-25,6310
2022-06-26,5250
2022-06-27,4540
2022-06-28,4620
2022-06-29,5020
2022-06-30,4150
2022-07-01,3940
2022-07-02,4250
2022-07-03,5160
2022-07-04,4420
2022-07-05,3560
2022-07-06,3370
2022-07-07,3370
2022-07-08,3640
2022-07-09,9090
2022-07-10,4620
2022-07-11,3980
2022-07-12,3830
2022-07-13,4200
2022-07-14,4060
2022-07-15,4110
2022-07-16,3570
2022-07-17,3110
2022-07-18,3080
2022-07-19,4220
2022-07-20,4270
2022-07-21,3670
2022-07-22,3500
2022-07-23,3080
2022-07-24,2720
2022-07-25,2780
2022-07-26,2880
2022-07-27,2620
2022-07-28,2520
2022-07-29,2650
2022-07-30,2620
2022-07-31,2540
2022-08-01,2800
2022-08-02,3450
2022-08-03,3130
2022-08-04,2960
2022-08-05,4500
2022-08-06,3910
2022-08-07,3410
2022-08-08,3230
2022-08-09,3270
2022-08-10,3790
2022-08-11,5300
2022-08-12,4680
2022-08-13,5120
2022-08-14,4430
2022-08-15,3800
2022-08-16,3270
2022-08-17,2840
2022-08-18,2860
2022-08-19,2830
2022-08-20,2720
2022-08-21,2570
2022-08-22,2630
2022-08-23,2620
2022-08-24,2830
2022-08-25,2670
2022-08-26,2640
2022-08-27,2460
2022-08-28,2120
2022-08-29,1820
2022-08-30,1790
2022-08-31,1940
2022-09-01,2320
2022-09-02,2390
2022-09-03,2010
2022-09-04,1820
2022-09-05,1750
2022-09-06,3900
2022-09-07,5110
2022-09-08,5710
2022-09-09,7430
2022-09-10,7470
2022-09-11,7440
2022-09-12,5800
2022-09-13,6220
2022-09-14,5190
2022-09-15,4990
2022-09-16,4590
2022-09-17,4030
2022-09-18,3500
2022-09-19,3080
2022-09-20,2760
2022-09-21,2460
2022-09-22,2290
2022-09-23,2200
2022-09-24,2050
2022-09-25,1960
2022-09-26,1870
2022-09-27,1910
2022-09-28,1920
2022-09-29,1980
2022-09-30,2010
2022-10-01,2510
2022-10-02,2840
2022-10-03,3640
2022-10-04,4850
2022-10-05,6200
2022-10-06,7080
2022-10-07,6350
2022-10-08,5170
2022-10-09,4230
2022-10-10,3620
2022-10-11,3200
2022-10-12,2900
2022-10-13,2870
2022-10-14,3030
2022-10-15,2760
2022-10-16,2590
2022-10-17,2440
2022-10-18,2390
2022-10-19,2270
2022-10-20,2140
2022-10-21,2080
2022-10-22,2010
2022-10-23,1980
2022-10-24,1950
2022-10-25,1950
2022-10-26,2000
2022-10-27,1970
2022-10-28,1930
2022-10-29,1890
2022-10-30,1860
2022-10-31,1850
2022-11-01,1910
2022-11-02,1980
2022-11-03,1940
2022-11-04,1960
2022-11-05,1940
2022-11-06,1880
2022-11-07,1920
2022-11-08,1860
2022-11-09,1820
2022-11-10,1810
2022-11-11,2220
2022-11-12,3030
2022-11-13,4180
2022-11-14,13500
2022-11-15,14300
2022-11-16,13700
2022-11-17,11100
2022-11-18,11100
2022-11-19,11400
2022-11-20,9520
2022-11-21,7710
2022-11-22,6550
2022-11-23,5760
2022-11-24,5020
2022-11-25,4680
2022-11-26,4320
2022-11-27,4020
2022-11-28,3890
2022-11-29,3720
2022-11-30,3770
2022-12-01,3780
2022-12-02,3660
2022-12-03,3820
2022-12-04,3930
2022-12-05,3760
2022-12-06,3790
2022-12-07,3870
2022-12-08,3800
2022-12-09,3740
2022-12-10,3760
2022-12-11,3840
2022-12-12,3750
2022-12-13,3690
2022-12-14,3600
2022-12-15,5730
2022-12-16,15000
2022-12-17,22100
2022-12-18,21000
2022-12-19,17100
2022-12-20,13300
2022-12-21,10700
2022-12-22,10100
2022-12-23,32100
2022-12-24,40200
2022-12-25,32200
2022-12-26,21800
2022-12-27,16500
2022-12-28,13700
2022-12-29,11900
2022-12-30,10700
2022-12-31,9760
2023-01-01,9710
2023-01-02,10000
2023-01-03,11300
2023-01-04,11900
2023-01-05,11600
2023-01-06,11500
2023-01-07,10500
2023-01-08,9460
2023-01-09,8570
2023-01-10,7860
2023-01-11,7300
2023-01-12,6860
2023-01-13,7030
2023-01-14,6750
2023-01-15,6460
2023-01-16,6290
2023-01-17,6000
2023-01-18,5770
2023-01-19,5630
2023-01-20,5700
2023-01-21,5870
2023-01-22,6340
2023-01-23,6920
2023-01-24,7950
2023-01-25,9220
2023-01-26,9800
2023-01-27,10000
2023-01-28,9720
2023-01-29,9610
2023-01-30,9420
2023-01-31,9050
2023-02-01,8790
2023-02-02,8380
2023-02-03,8020
2023-02-04,7760
2023-02-05,7760
2023-02-06,7360
2023-02-07,6670
2023-02-08,6470
2023-02-09,6180
2023-02-10,5970
2023-02-11,5710
2023-02-12,5700
2023-02-13,7700
2023-02-14,6850
2023-02-15,6480
2023-02-16,8440
2023-02-17,11600
2023-02-18,12500
2023-02-19,13600
2023-02-20,17000
2023-02-21,16300
2023-02-22,13500
2023-02-23,11900
2023-02-24,10600
2023-02-25,10000
2023-02-26,9660
2023-02-27,8970
2023-02-28,8760
2023-03-01,9300
2023-03-02,17800
2023-03-03,18700
2023-03-04,20800
2023-03-05,35700
2023-03-06,32300
2023-03-07,25200
2023-03-08,20700
2023-03-09,17100
2023-03-10,14700
2023-03-11,13000
2023-03-12,11500
2023-03-13,10900
2023-03-14,10200
2023-03-15,9360
2023-03-16,8630
2023-03-17,8130
2023-03-18,7690
2023-03-19,7240
2023-03-20,6870
2023-03-21,6560
2023-03-22,6400
2023-03-23,6230
2023-03-24,6380
2023-03-25,7550
2023-03-26,9920
2023-03-27,17100
2023-03-28,18000
2023-03-29,15300
2023-03-30,12800
2023-03-31,11000
2023-04-01,9980
2023-04-02,9230
2023-04-03,8630
2023-04-04,8290
2023-04-05,8520
2023-04-06,8610
2023-04-07,8210
2023-04-08,7740
2023-04-09,7300
2023-04-10,6930
2023-04-11,6460
2023-04-12,6100
2023-04-13,5770
2023-04-14,5530
2023-04-15,5440
2023-04-16,5250
2023-04-17,5660
2023-04-18,5400
2023-04-19,5270
2023-04-20,5040
2023-04-21,4640
2023-04-22,4620
2023-04-23,4790
2023-04-24,4510
2023-04-25,4430
2023-04-26,4190
2023-04-27,4070
2023-04-28,4630
2023-04-29,7180
2023-04-30,10600
2023-05-01,21100
2023-05-02,27300
2023-05-03,25800
2023-05-04,20600
2023-05-05,17700
2023-05-06,17700
2023-05-07,16500
2023-05-08,14100
2023-05-09,12100
2023-05-10,11300
2023-05-11,12100
2023-05-12,18800
2023-05-13,15600
2023-05-14,12900
2023-05-15,11000
2023-05-16,9620
2023-05-17,9430
2023-05-18,8360
2023-05-19,7550
2023-05-20,6630
2023-05-21,6080
2023-05-22,5370
2023-05-23,4940
2023-05-24,4560
2023-05-25,4200
2023-05-26,3920
2023-05-27,3690
2023-05-28,3920
2023-05-29,3910
2023-05-30,3470
2023-05-31,3130
2023-06-01,3020
2023-06-02,2840
2023-06-03,2510
2023-06-04,2450
2023-06-05,2350
2023-06-06,2140
2023-06-07,2090
2023-06-08,2160
2023-06-09,1910
2023-06-10,1840
2023-06-11,1740
2023-06-12,1700
2023-06-13,1810
2023-06-14,1760
2023-06-15,1770
2023-06-16,1800
2023-06-17,1860
2023-06-18,1840
2023-06-19,1840
2023-06-20,2120
2023-06-21,2510
2023-06-22,2430
2023-06-23,3170
2023-06-24,3110
2023-06-25,3030
2023-06-26,3600
2023-06-27,5980
2023-06-28,6580
2023-06-29,5310
2023-06-30,4670
2023-07-01,4500
2023-07-02,4060
2023-07-03,3580
2023-07-04,3990
2023-07-05,3830
2023-07-06,3910
2023-07-07,3740
2023-07-08,3000
2023-07-09,2660
2023-07-10,2820
2023-07-11,2610
2023-07-12,2700
2023-07-13,2620
2023-07-14,2790
2023-07-15,3600
2023-07-16,2930
2023-07-17,2290
2023-07-18,1960
2023-07-19,2540
2023-07-20,3210
2023-07-21,3450
2023-07-22,2960
2023-07-23,2430
2023-07-24,2300
2023-07-25,2000
2023-07-26,1820
2023-07-27,1680
2023-07-28,1750
2023-07-29,2120
2023-07-30,1910
2023-07-31,1410
2023-08-01,1440
2023-08-02,1350
2023-08-03,1220
2023-08-04,1170
2023-08-05,1110
2023-08-06,1250
2023-08-07,2240
2023-08-08,3480
2023-08-09,2080
2023-08-10,2430
2023-08-11,2490
2023-08-12,2070
2023-08-13,1680
2023-08-14,1430
2023-08-15,1460
2023-08-16,1580
2023-08-17,1360
2023-08-18,1270
2023-08-19,1220
2023-08-20,1130
2023-08-21,1020
2023-08-22,908
2023-08-23,856
2023-08-24,794
2023-08-25,900
2023-08-26,1240
2023-08-27,851
2023-08-28,770
2023-08-29,632
2023-08-30,729
2023-08-31,599
2023-09-01,706
2023-09-02,810
2023-09-03,772
2023-09-04,646
2023-09-05,560
2023-09-06,522
2023-09-07,450
2023-09-08,748
2023-09-09,1730
2023-09-10,2300
2023-09-11,2330
2023-09-12,1600
2023-09-13,2870
2023-09-14,2320
2023-09-15,1600
2023-09-16,1230
2023-09-17,1250
2023-09-18,1170
2023-09-19,1150
2023-09-20,1230
2023-09-21,1320
2023-09-22,1530
2023-09-23,2010
2023-09-24,5510
2023-09-25,4270
2023-09-26,3590
2023-09-27,4630
2023-09-28,4410
2023-09-29,3580
2023-09-30,3000
2023-10-01,2510
2023-10-02,2050
2023-10-03,1900
2023-10-04,1750
2023-10-05,1520
2023-10-06,1470
2023-10-07,1430
2023-10-08,1500
2023-10-09,1300
2023-10-10,1360
2023-10-11,1400
2023-10-12,1330
2023-10-13,1290
2023-10-14,1320
2023-10-15,1550
2023-10-16,1410
2023-10-17,1400
2023-10-18,1590
2023-10-19,1810
2023-10-20,1720
2023-10-21,1640
2023-10-22,1460
2023-10-23,1310
2023-10-24,1230
2023-10-25,1260
2023-10-26,1180
2023-10-27,1160
2023-10-28,1170
2023-10-29,1240
2023-10-30,1070
2023-10-31,1100
2023-11-01,1090
2023-11-02,1040
2023-11-03,1040
2023-11-04,1020
2023-11-05,988
2023-11-06,1020
2023-11-07,904
2023-11-08,996
2023-11-09,1050
2023-11-10,1040
2023-11-11,1030
2023-11-12,1140
2023-11-13,1110
2023-11-14,1090
2023-11-15,1080
2023-11-16,1060
2023-11-17,1090
2023-11-18,1090
2023-11-19,1110
2023-11-20,1090
2023-11-21,1400
2023-11-22,4060
2023-11-23,4850
2023-11-24,10500
2023-11-25,9260
2023-11-26,6860
2023-11-27,5060
2023-11-28,3970
2023-11-29,3240
2023-11-30,2780
2023-12-01,2510
2023-12-02,2350
2023-12-03,2610
2023-12-04,2550
2023-12-05,2330
2023-12-06,2360
2023-12-07,2340
2023-12-08,2210
2023-12-09,2270
2023-12-10,2390
2023-12-11,6070
2023-12-12,5840
2023-12-13,6900
2023-12-14,7830
2023-12-15,6850
2023-12-16,5590
2023-12-17,5100
2023-12-18,17500
2023-12-19,21000
2023-12-20,18600
2023-12-21,13900
2023-12-22,10300
2023-12-23,7930
2023-12-24,6640
2023-12-25,5690
2023-12-26,5100
2023-12-27,5580
2023-12-28,7490
2023-12-29,7670
2023-12-30,10200
2023-12-31,10200
2024-01-01,8930
2024-01-02,7760
2024-01-03,6860
2024-01-04,6050
2024-01-05,5430
2024-01-06,5480
2024-01-07,7410
2024-01-08,6380
2024-01-09,9460
2024-01-10,39000
2024-01-11,68600
2024-01-12,52900
2024-01-13,40100
2024-01-14,37000
2024-01-15,33100
2024-01-16,26400
2024-01-17,20700
2024-01-18,16700
2024-01-19,14000
2024-01-20,12300
2024-01-21,10400
2024-01-22,9960
2024-01-23,8970
2024-01-24,8000
2024-01-25,8410
2024-01-26,9860
2024-01-27,11500
2024-01-28,31500
2024-01-29,49100
2024-01-30,66800
2024-01-31,49400
2024-02-01,34600
2024-02-02,26900
2024-02-03,22300
2024-02-04,18700
2024-02-05,16000
2024-02-06,13900
2024-02-07,12500
2024-02-08,11400
2024-02-09,10400
2024-02-10,9420
2024-02-11,8890
2024-02-12,8370
2024-02-13,11300
2024-02-14,21000
2024-02-15,37700
2024-02-16,31900
2024-02-17,24800
2024-02-18,20700
2024-02-19,18100
2024-02-20,16000
2024-02-21,14300
2024-02-22,13000
2024-02-23,12500
2024-02-24,14800
2024-02-25,19000
2024-02-26,17700
2024-02-27,15900
2024-02-28,14600
2024-02-29,14000
2024-03-01,14200
2024-03-02,15500
2024-03-03,19800
2024-03-04,22400
2024-03-05,21900
2024-03-06,21000
2024-03-07,19200
2024-03-08,17200
2024-03-09,16800
2024-03-10,32200
2024-03-11,60500
2024-03-12,47200
2024-03-13,34700
2024-03-14,27300
2024-03-15,22800
2024-03-16,20100
2024-03-17,18500
2024-03-18,16500
2024-03-19,14700
2024-03-20,13400
2024-03-21,12000
2024-03-22,10900
2024-03-23,12300
2024-03-24,15100
2024-03-25,14700
2024-03-26,13700
2024-03-27,12900
2024-03-28,12100
2024-03-29,11200
2024-03-30,10400
2024-03-31,9930
2024-04-01,10200
2024-04-02,14000
2024-04-03,42400
2024-04-04,82800
2024-04-05,81500
2024-04-06,53500
2024-04-07,38400
2024-04-08,30100
2024-04-09,25100
2024-04-10,21700
2024-04-11,18700
2024-04-12,17400
2024-04-13,22300
2024-04-14,32900
2024-04-15,36200
2024-04-16,29600
2024-04-17,24100
2024-04-18,20100
2024-04-19,17000
2024-04-20,15500
2024-04-21,13900
2024-04-22,12600
2024-04-23,11500
2024-04-24,10400
2024-04-25,9400
2024-04-26,8720
2024-04-27,8250
2024-04-28,7980
2024-04-29,7720
2024-04-30,7500
2024-05-01,7400
2024-05-02,6860
2024-05-03,6380
2024-05-04,6560
2024-05-05,6680
2024-05-06,6730
2024-05-07,8660
2024-05-08,8780
2024-05-09,8980
2024-05-10,11100
2024-05-11,9880
2024-05-12,11400
2024-05-13,12600
2024-05-14,12800
2024-05-15,11700
2024-05-16,10200
2024-05-17,9540
2024-05-18,8850
2024-05-19,8660
2024-05-20,9470
2024-05-21,13700
2024-05-22,13000
2024-05-23,10900
2024-05-24,9660
2024-05-25,8340
2024-05-26,8770
2024-05-27,8460
2024-05-28,9090
2024-05-29,7680
2024-05-30,6890
2024-05-31,6480
2024-06-01,5750
2024-06-02,5150
2024-06-03,4720
2024-06-04,4370
2024-06-05,4260
2024-06-06,4450
2024-06-07,4810
2024-06-08,4750
2024-06-09,5400
2024-06-10,4680
2024-06-11,4080
2024-06-12,3560
2024-06-13,3270
2024-06-14,3040
2024-06-15,3020
2024-06-16,2900
2024-06-17,2830
2024-06-18,2660
2024-06-19,2460
2024-06-20,2310
2024-06-21,2160
2024-06-22,1980
2024-06-23,1930
2024-06-24,1770
2024-06-25,1590
2024-06-26,1560
2024-06-27,1860
2024-06-28,1440
2024-06-29,1550
2024-06-30,1660
2024-07-01,2840
2024-07-02,2410
2024-07-03,1970
2024-07-04,1700
2024-07-05,1770
2024-07-06,1620
2024-07-07,1600
2024-07-08,1490
2024-07-09,1390
2024-07-10,1320
2024-07-11,1480
2024-07-12,1590
2024-07-13,2080
2024-07-14,1470
2024-07-15,1290
2024-07-16,1450
2024-07-17,1160
2024-07-18,1380
2024-07-19,1110
2024-07-20,1080
2024-07-21,1040
2024-07-22,1000
2024-07-23,1080
2024-07-24,1150
2024-07-25,2110
2024-07-26,1780
2024-07-27,1560
2024-07-28,1410
2024-07-29,1310
2024-07-30,1330
2024-07-31,1260
2024-08-01,1210
2024-08-02,1290
2024-08-03,1440
2024-08-04,1660
2024-08-05,1560
2024-08-06,1330
2024-08-07,1430
2024-08-08,3470
2024-08-09,9590
2024-08-10,44000
2024-08-11,41800
2024-08-12,20400
2024-08-13,12800
2024-08-14,8680
2024-08-15,6500
2024-08-16,5050
2024-08-17,4310
2024-08-18,4760
2024-08-19,4150
2024-08-20,3270
2024-08-21,2930
2024-08-22,2610
2024-08-23,2510
2024-08-24,2310
2024-08-25,2190
2024-08-26,2070
2024-08-27,2040
2024-08-28,1870
2024-08-29,1800
2024-08-30,3080
2024-08-31,2910
2024-09-01,2750
2024-09-02,3250
2024-09-03,4010
2024-09-04,4030
2024-09-05,3370
2024-09-06,2970
2024-09-07,2560
2024-09-08,2500
2024-09-09,2170
2024-09-10,1940
2024-09-11,1780
2024-09-12,1640
2024-09-13,1650
2024-09-14,1680
2024-09-15,1390
2024-09-16,1350
2024-09-17,1340
2024-09-18,1600
2024-09-19,1810
2024-09-20,1450
2024-09-21,1730
2024-09-22,3200
2024-09-23,2960
2024-09-24,2770
2024-09-25,2780
2024-09-26,4850
2024-09-27,5130
2024-09-28,4350
2024-09-29,8930
2024-09-30,24300
2024-10-01,17300
2024-10-02,31100
2024-10-03,38100
2024-10-04,29200
2024-10-05,21700
2024-10-06,16100
2024-10-07,12500
2024-10-08,9900
2024-10-09,8160
2024-10-10,6920
2024-10-11,5990
2024-10-12,5290
2024-10-13,4650
2024-10-14,4110
2024-10-15,3770
2024-10-16,3480
2024-10-17,3210
2024-10-18,3080
2024-10-19,2910
2024-10-20,2850
2024-10-21,2650
2024-10-22,2610
2024-10-23,2520
2024-10-24,2370
2024-10-25,2310
2024-10-26,2230
2024-10-27,2170
2024-10-28,2060
2024-10-29,1970
2024-10-30,2040
2024-10-31,1950
2024-11-01,1940
2024-11-02,1920
2024-11-03,1910
2024-11-04,1860
2024-11-05,1850
2024-11-06,1840
2024-11-07,1830
2024-11-08,1760
2024-11-09,1770
2024-11-10,1750
2024-11-11,1900
2024-11-12,1830
2024-11-13,1840
2024-11-14,1830
2024-11-15,1930
2024-11-16,1880
2024-11-17,2010
2024-11-18,2040
2024-11-19,2010
2024-11-20,2140
2024-11-21,2650
2024-11-22,2510
2024-11-23,2370
2024-11-24,2340
2024-11-25,2250
2024-11-26,2360
2024-11-27,2340
2024-11-28,2450
2024-11-29,2570
2024-11-30,2650
2024-12-01,3140
2024-12-02,3270
2024-12-03,3030
2024-12-04,2800
2024-12-05,2640
2024-12-06,2420
2024-12-07,2330
2024-12-08,2220
2024-12-09,2070
2024-12-10,2080
2024-12-11,2970
2024-12-12,4320
2024-12-13,6180
2024-12-14,7650
2024-12-15,7600
2024-12-16,7650
2024-12-17,6870
2024-12-18,6480
2024-12-19,6190
2024-12-20,6400
2024-12-21,7080
2024-12-22,6720
2024-12-23,6190
2024-12-24,5550
2024-12-25,5040
2024-12-26,4720
2024-12-27,4440
2024-12-28,4400
2024-12-29,4550
2024-12-30,4510
2024-12-31,4370
